model,decision_date,target_date,actual,prediction
zero_return,2024-12-31,2025-01-01,0.014014525838172684,0.0
zero_return,2025-01-01,2025-01-02,0.007648664012171,0.0
zero_return,2025-01-02,2025-01-03,-0.04028338795931776,0.0
zero_return,2025-01-03,2025-01-06,-0.03882079313195429,0.0
zero_return,2025-01-06,2025-01-07,0.02150514925754211,0.0
zero_return,2025-01-07,2025-01-08,-0.0029314072193538975,0.0
zero_return,2025-01-08,2025-01-09,-0.01879156508781405,0.0
zero_return,2025-01-09,2025-01-10,0.010237131592904231,0.0
zero_return,2025-01-10,2025-01-13,-0.03411899497819723,0.0
zero_return,2025-01-13,2025-01-14,0.03530078345084895,0.0
zero_return,2025-01-14,2025-01-15,-0.028731369645886334,0.0
zero_return,2025-01-15,2025-01-16,0.003176766910329171,0.0
zero_return,2025-01-16,2025-01-17,0.042386173325936014,0.0
zero_return,2025-01-17,2025-01-20,0.01966490227583768,0.0
zero_return,2025-01-20,2025-01-21,-0.024321828258809776,0.0
zero_return,2025-01-21,2025-01-22,-0.012505047675716892,0.0
zero_return,2025-01-22,2025-01-23,0.008784829555732811,0.0
zero_return,2025-01-23,2025-01-24,-0.011741817876683287,0.0
zero_return,2025-01-24,2025-01-27,-0.015278214563320307,0.0
zero_return,2025-01-27,2025-01-28,-0.04619139768627755,0.0
zero_return,2025-01-28,2025-01-29,0.019751026377671777,0.0
zero_return,2025-01-29,2025-01-30,-0.010148710344557488,0.0
zero_return,2025-01-30,2025-01-31,0.04159695189516458,0.0
zero_return,2025-01-31,2025-02-01,-0.02401573269714212,0.0
zero_return,2025-02-01,2025-02-03,-0.023310835725119272,0.0
zero_return,2025-02-03,2025-02-04,0.020527823820462452,0.0
zero_return,2025-02-04,2025-02-05,0.013819758956328627,0.0
zero_return,2025-02-05,2025-02-06,-0.01941613230285387,0.0
zero_return,2025-02-06,2025-02-07,0.01756064145310009,0.0
zero_return,2025-02-07,2025-02-10,-0.048229196298179476,0.0
zero_return,2025-02-10,2025-02-11,-0.06407471821821162,0.0
zero_return,2025-02-11,2025-02-12,0.030674460206366813,0.0
zero_return,2025-02-12,2025-02-13,0.006707917406908922,0.0
zero_return,2025-02-13,2025-02-14,-0.04405192106555058,0.0
zero_return,2025-02-14,2025-02-17,-0.0002212878964550946,0.0
zero_return,2025-02-17,2025-02-18,-0.007600380543789166,0.0
zero_return,2025-02-18,2025-02-19,0.0521714354869422,0.0
zero_return,2025-02-19,2025-02-20,0.03913163948826564,0.0
zero_return,2025-02-20,2025-02-21,0.04273915870127967,0.0
zero_return,2025-02-21,2025-02-24,-0.03967111883032618,0.0
zero_return,2025-02-24,2025-02-25,-0.04721118664428582,0.0
zero_return,2025-02-25,2025-02-27,-0.007719901715024238,0.0
zero_return,2025-02-27,2025-02-28,0.004458120868071645,0.0
zero_return,2025-02-28,2025-03-03,0.006431249972079907,0.0
zero_return,2025-03-03,2025-03-04,0.013379254047114217,0.0
zero_return,2025-03-04,2025-03-05,0.055335921551462094,0.0
zero_return,2025-03-05,2025-03-06,0.004106141583595947,0.0
zero_return,2025-03-06,2025-03-07,0.012425081870978474,0.0
zero_return,2025-03-07,2025-03-10,-0.03679091656626317,0.0
zero_return,2025-03-10,2025-03-11,0.025140765286129223,0.0
zero_return,2025-03-11,2025-03-12,0.0028232360468433875,0.0
zero_return,2025-03-12,2025-03-13,-0.021588875540270922,0.0
zero_return,2025-03-13,2025-03-17,-0.018049388048637826,0.0
zero_return,2025-03-17,2025-03-18,0.00932469790962389,0.0
zero_return,2025-03-18,2025-03-19,-0.023962130374192613,0.0
zero_return,2025-03-19,2025-03-20,0.014642014366121985,0.0
zero_return,2025-03-20,2025-03-21,-0.025176303794518944,0.0
zero_return,2025-03-21,2025-03-24,-0.0008550663197333875,0.0
zero_return,2025-03-24,2025-03-25,-0.0398251511082518,0.0
zero_return,2025-03-25,2025-03-26,-0.007337442591337955,0.0
zero_return,2025-03-26,2025-03-27,0.004540239295026435,0.0
zero_return,2025-03-27,2025-03-28,-0.01918469943551603,0.0
zero_return,2025-03-28,2025-04-01,0.0016557713109412444,0.0
zero_return,2025-04-01,2025-04-02,-0.0051528798317411525,0.0
zero_return,2025-04-02,2025-04-03,-0.0012733693912539315,0.0
zero_return,2025-04-03,2025-04-04,-0.082137969738649,0.0
zero_return,2025-04-04,2025-04-07,0.011748892489082828,0.0
zero_return,2025-04-07,2025-04-08,-0.027446899837009122,0.0
zero_return,2025-04-08,2025-04-09,-0.0010451141867499967,0.0
zero_return,2025-04-09,2025-04-11,-0.042914483251947376,0.0
zero_return,2025-04-11,2025-04-15,0.0453256929252592,0.0
zero_return,2025-04-15,2025-04-16,-0.005144790716152513,0.0
zero_return,2025-04-16,2025-04-17,0.011181384580412424,0.0
zero_return,2025-04-17,2025-04-21,0.0389109909716002,0.0
zero_return,2025-04-21,2025-04-22,-0.020630854203624555,0.0
zero_return,2025-04-22,2025-04-23,0.010981281054520764,0.0
zero_return,2025-04-23,2025-04-24,0.0032763606101981293,0.0
zero_return,2025-04-24,2025-04-25,-0.0391592711084707,0.0
zero_return,2025-04-25,2025-04-28,0.01811517962849264,0.0
zero_return,2025-04-28,2025-04-29,-0.018233765146291873,0.0
zero_return,2025-04-29,2025-04-30,-0.007195879109812848,0.0
zero_return,2025-04-30,2025-05-02,0.01742578345204998,0.0
zero_return,2025-05-02,2025-05-05,0.0021781755507966176,0.0
zero_return,2025-05-05,2025-05-06,-0.037199739589461905,0.0
zero_return,2025-05-06,2025-05-07,0.04048509567094714,0.0
zero_return,2025-05-07,2025-05-08,-0.026254949835293414,0.0
zero_return,2025-05-08,2025-05-09,0.03794634060920655,0.0
zero_return,2025-05-09,2025-05-12,0.03960196368330269,0.0
zero_return,2025-05-12,2025-05-13,-0.02660605926696677,0.0
zero_return,2025-05-13,2025-05-14,0.041626005954530615,0.0
zero_return,2025-05-14,2025-05-15,0.025869379978417095,0.0
zero_return,2025-05-15,2025-05-16,-0.004560947122107173,0.0
zero_return,2025-05-16,2025-05-19,0.02747226513488315,0.0
zero_return,2025-05-19,2025-05-20,-0.027158966760317513,0.0
zero_return,2025-05-20,2025-05-21,0.00939752631874435,0.0
zero_return,2025-05-21,2025-05-22,-0.026938553882023243,0.0
zero_return,2025-05-22,2025-05-23,-0.014365424983424654,0.0
zero_return,2025-05-23,2025-05-26,-0.007923197687457828,0.0
zero_return,2025-05-26,2025-05-27,-0.008700703332698257,0.0
zero_return,2025-05-27,2025-05-28,0.004758397689554344,0.0
zero_return,2025-05-28,2025-05-29,-0.005864482489640278,0.0
zero_return,2025-05-29,2025-05-30,-0.018676730743398134,0.0
zero_return,2025-05-30,2025-06-02,0.009839699146008163,0.0
zero_return,2025-06-02,2025-06-03,0.006058955467736518,0.0
zero_return,2025-06-03,2025-06-04,0.002849941641787482,0.0
zero_return,2025-06-04,2025-06-05,-0.0019170209896568842,0.0
zero_return,2025-06-05,2025-06-06,0.029452690187115476,0.0
zero_return,2025-06-06,2025-06-09,-0.015159033062513563,0.0
zero_return,2025-06-09,2025-06-10,0.01821390563249155,0.0
zero_return,2025-06-10,2025-06-11,-0.00519672569218934,0.0
zero_return,2025-06-11,2025-06-12,-0.02121043204497912,0.0
zero_return,2025-06-12,2025-06-13,0.014538609124760685,0.0
zero_return,2025-06-13,2025-06-16,0.010854850854182004,0.0
zero_return,2025-06-16,2025-06-17,-0.015327202517658662,0.0
zero_return,2025-06-17,2025-06-18,0.0015587629805624995,0.0
zero_return,2025-06-18,2025-06-19,-0.02588105283896469,0.0
zero_return,2025-06-19,2025-06-20,0.016384377040176316,0.0
zero_return,2025-06-20,2025-06-23,0.03772194309522411,0.0
zero_return,2025-06-23,2025-06-24,-0.004994096330634054,0.0
zero_return,2025-06-24,2025-06-25,-0.016150665091710915,0.0
zero_return,2025-06-25,2025-06-26,0.02452474610839412,0.0
zero_return,2025-06-26,2025-06-27,-0.0268847293835104,0.0
zero_return,2025-06-27,2025-06-30,0.005098601128890074,0.0
zero_return,2025-06-30,2025-07-01,-0.016316466966884543,0.0
zero_return,2025-07-01,2025-07-02,0.007355083886295004,0.0
zero_return,2025-07-02,2025-07-03,-0.00389358051913221,0.0
zero_return,2025-07-03,2025-07-04,0.00041655819399537015,0.0
zero_return,2025-07-04,2025-07-07,-0.0180791133999059,0.0
zero_return,2025-07-07,2025-07-08,0.00485617211920758,0.0
zero_return,2025-07-08,2025-07-09,-0.018883037602198095,0.0
zero_return,2025-07-09,2025-07-10,0.010373812940911192,0.0
zero_return,2025-07-10,2025-07-11,0.006087090384431047,0.0
zero_return,2025-07-11,2025-07-14,0.0024836855846284756,0.0
zero_return,2025-07-14,2025-07-15,0.005105408599888536,0.0
zero_return,2025-07-15,2025-07-16,-0.013103854416350756,0.0
zero_return,2025-07-16,2025-07-17,0.0006347191580911288,0.0
zero_return,2025-07-17,2025-07-18,-0.008315505663542142,0.0
zero_return,2025-07-18,2025-07-21,0.020413101304586328,0.0
zero_return,2025-07-21,2025-07-22,0.005046010859770747,0.0
zero_return,2025-07-22,2025-07-23,0.0029828885334132094,0.0
zero_return,2025-07-23,2025-07-24,0.004080712985336842,0.0
zero_return,2025-07-24,2025-07-25,-0.024130746171295576,0.0
zero_return,2025-07-25,2025-07-28,-0.030949231250013587,0.0
zero_return,2025-07-28,2025-07-29,0.011559596346684542,0.0
zero_return,2025-07-29,2025-07-30,-0.016272587621592716,0.0
zero_return,2025-07-30,2025-07-31,0.00032427174255932544,0.0
zero_return,2025-07-31,2025-08-01,-0.015648912344660645,0.0
zero_return,2025-08-01,2025-08-04,0.03501880224958407,0.0
zero_return,2025-08-04,2025-08-05,0.0013894086561562842,0.0
zero_return,2025-08-05,2025-08-06,0.0018572078246917375,0.0
zero_return,2025-08-06,2025-08-07,0.008201755106887821,0.0
zero_return,2025-08-07,2025-08-08,-0.0147774199377017,0.0
zero_return,2025-08-08,2025-08-11,-0.007084483781449581,0.0
zero_return,2025-08-11,2025-08-12,-0.0029444064206930343,0.0
zero_return,2025-08-12,2025-08-13,0.012929387404340928,0.0
zero_return,2025-08-13,2025-08-14,-0.01250281173401398,0.0
zero_return,2025-08-14,2025-08-18,-0.0014856478564236394,0.0
zero_return,2025-08-18,2025-08-19,0.013736696620785523,0.0
zero_return,2025-08-19,2025-08-20,0.005215951737838302,0.0
zero_return,2025-08-20,2025-08-21,-0.003909411010024586,0.0
zero_return,2025-08-21,2025-08-22,-0.01173790353847254,0.0
zero_return,2025-08-22,2025-08-25,0.0026820241682482806,0.0
zero_return,2025-08-25,2025-08-26,-0.018534829708160106,0.0
zero_return,2025-08-26,2025-08-28,-0.00545078119040414,0.0
zero_return,2025-08-28,2025-08-29,0.0010210388613083262,0.0
zero_return,2025-08-29,2025-09-01,0.021023456672582624,0.0
zero_return,2025-09-01,2025-09-02,0.04346848946116067,0.0
zero_return,2025-09-02,2025-09-03,0.02745932749639936,0.0
zero_return,2025-09-03,2025-09-04,-0.011210933691596845,0.0
zero_return,2025-09-04,2025-09-05,0.02452764081195513,0.0
zero_return,2025-09-05,2025-09-08,-0.011521517572472747,0.0
zero_return,2025-09-08,2025-09-09,-0.019126724532092486,0.0
zero_return,2025-09-09,2025-09-10,0.009030274151012634,0.0
zero_return,2025-09-10,2025-09-11,0.019546130343589495,0.0
zero_return,2025-09-11,2025-09-12,0.01430243526826892,0.0
zero_return,2025-09-12,2025-09-15,-0.010781651936822421,0.0
zero_return,2025-09-15,2025-09-16,-0.0023991891179816673,0.0
zero_return,2025-09-16,2025-09-17,-0.015124657162258118,0.0
zero_return,2025-09-17,2025-09-18,0.0014041659222656523,0.0
zero_return,2025-09-18,2025-09-19,0.002839566508077739,0.0
zero_return,2025-09-19,2025-09-22,-0.004021484851041827,0.0
zero_return,2025-09-22,2025-09-23,-0.009815678942377264,0.0
zero_return,2025-09-23,2025-09-24,-0.009273188885319517,0.0
zero_return,2025-09-24,2025-09-25,-0.0038348630768974836,0.0
zero_return,2025-09-25,2025-09-26,-0.02471936392094771,0.0
zero_return,2025-09-26,2025-09-29,0.014373811967580788,0.0
zero_return,2025-09-29,2025-09-30,0.046268448067081726,0.0
zero_return,2025-09-30,2025-10-01,-0.0013976242666379726,0.0
zero_return,2025-10-01,2025-10-03,0.030576683101660625,0.0
zero_return,2025-10-03,2025-10-06,-0.022314222757280407,0.0
zero_return,2025-10-06,2025-10-07,-0.003816359782903368,0.0
zero_return,2025-10-07,2025-10-08,0.024765283149603537,0.0
zero_return,2025-10-08,2025-10-09,0.01824426908955515,0.0
zero_return,2025-10-09,2025-10-10,-0.02509486739703264,0.0
zero_return,2025-10-10,2025-10-13,0.010616095064084417,0.0
zero_return,2025-10-13,2025-10-14,-0.014146263708265529,0.0
zero_return,2025-10-14,2025-10-15,0.012212875235322336,0.0
zero_return,2025-10-15,2025-10-16,-0.0007050943355754267,0.0
zero_return,2025-10-16,2025-10-17,-0.007691665539920328,0.0
zero_return,2025-10-17,2025-10-20,0.0027024050115646786,0.0
zero_return,2025-10-20,2025-10-21,0.0015406627896167816,0.0
zero_return,2025-10-21,2025-10-23,-0.0009632646657520917,0.0
zero_return,2025-10-23,2025-10-24,0.008934328733765774,0.0
zero_return,2025-10-24,2025-10-27,0.00029432169573581954,0.0
zero_return,2025-10-27,2025-10-28,-0.0046773361298929296,0.0
zero_return,2025-10-28,2025-10-29,0.0004200798213424005,0.0
zero_return,2025-10-29,2025-10-30,0.0020181641562371953,0.0
zero_return,2025-10-30,2025-10-31,-0.007488759362103096,0.0
zero_return,2025-10-31,2025-11-03,0.0069798038063785175,0.0
zero_return,2025-11-03,2025-11-04,-0.020074092711010003,0.0
zero_return,2025-11-04,2025-11-06,-0.011555339200232623,0.0
zero_return,2025-11-06,2025-11-07,0.029090288486355045,0.0
zero_return,2025-11-07,2025-11-10,0.06505673641579007,0.0
zero_return,2025-11-10,2025-11-11,0.02925771078273987,0.0
zero_return,2025-11-11,2025-11-12,0.00544653426420161,0.0
zero_return,2025-11-12,2025-11-13,0.006235202309194348,0.0
zero_return,2025-11-13,2025-11-14,-0.0023964863020528755,0.0
zero_return,2025-11-14,2025-11-17,-0.006650637975339856,0.0
zero_return,2025-11-17,2025-11-18,-0.006585342411839229,0.0
zero_return,2025-11-18,2025-11-19,-0.0015576327136836285,0.0
zero_return,2025-11-19,2025-11-20,-0.0034100629805419547,0.0
zero_return,2025-11-20,2025-11-21,-0.02092209107117088,0.0
zero_return,2025-11-21,2025-11-24,0.0015945152066862635,0.0
zero_return,2025-11-24,2025-11-25,0.007787062295329607,0.0
zero_return,2025-11-25,2025-11-26,0.01043460643480414,0.0
zero_return,2025-11-26,2025-11-27,0.006641991668975153,0.0
zero_return,2025-11-27,2025-11-28,-0.010217642420097334,0.0
zero_return,2025-11-28,2025-12-01,-0.0011365790198723255,0.0
zero_return,2025-12-01,2025-12-02,-0.0032006051985602048,0.0
zero_return,2025-12-02,2025-12-03,0.002630097326754126,0.0
zero_return,2025-12-03,2025-12-04,0.00465333552564135,0.0
zero_return,2025-12-04,2025-12-05,0.014380778805228622,0.0
zero_return,2025-12-05,2025-12-08,-0.020470977646194464,0.0
zero_return,2025-12-08,2025-12-09,-0.003382190371817936,0.0
zero_return,2025-12-09,2025-12-10,-0.007575793808457656,0.0
zero_return,2025-12-10,2025-12-11,-0.0026450043759786704,0.0
zero_return,2025-12-11,2025-12-12,0.04184864633943948,0.0
zero_return,2025-12-12,2025-12-15,0.0035945401751486293,0.0
zero_return,2025-12-15,2025-12-16,-0.0016241093527560714,0.0
zero_return,2025-12-16,2025-12-17,0.005202272025070122,0.0
zero_return,2025-12-17,2025-12-18,-0.0007159477663969937,0.0
zero_return,2025-12-18,2025-12-19,-0.0035842332278151613,0.0
zero_return,2025-12-19,2025-12-22,0.03256020169683856,0.0
zero_return,2025-12-22,2025-12-23,-0.0030970430811272983,0.0
zero_return,2025-12-23,2025-12-24,0.011237986481595314,0.0
zero_return,2025-12-24,2025-12-26,0.029265542329701712,0.0
zero_return,2025-12-26,2025-12-29,-0.029794313843192453,0.0
zero_return,2025-12-29,2025-12-30,0.060545660941507415,0.0
zero_return,2025-12-30,2025-12-31,-0.011860659321291324,0.0
zero_return,2025-12-31,2026-01-01,-0.0028566913570903392,0.0
zero_return,2026-01-01,2026-01-02,0.043626407621372404,0.0
zero_return,2026-01-02,2026-01-05,-0.0036210057669522934,0.0
zero_return,2026-01-05,2026-01-06,0.039116882374284095,0.0
zero_return,2026-01-06,2026-01-07,0.005118009465741897,0.0
zero_return,2026-01-07,2026-01-08,-0.04255961441879589,0.0
zero_return,2026-01-08,2026-01-09,0.05068104715660702,0.0
zero_return,2026-01-09,2026-01-12,-0.005555174174890461,0.0
zero_return,2026-01-12,2026-01-13,0.012387545792030809,0.0
zero_return,2026-01-13,2026-01-14,0.0397294759335313,0.0
zero_return,2026-01-14,2026-01-16,-0.012777531813255591,0.0
zero_return,2026-01-16,2026-01-19,0.015444850170808782,0.0
zero_return,2026-01-19,2026-01-20,-0.023540215630399403,0.0
zero_return,2026-01-20,2026-01-21,0.020823895501036305,0.0
zero_return,2026-01-21,2026-01-22,0.004398027979711973,0.0
zero_return,2026-01-22,2026-01-23,0.01030517594272545,0.0
zero_return,2026-01-23,2026-01-27,0.023812215022658706,0.0
zero_return,2026-01-27,2026-01-28,0.044944312759341166,0.0
zero_return,2026-01-28,2026-01-29,0.0403266059943955,0.0
zero_return,2026-01-29,2026-01-30,-0.07121291584941547,0.0
zero_return,2026-01-30,2026-02-01,0.0033936684154364134,0.0
zero_return,2026-02-01,2026-02-02,0.06307894307484564,0.0
zero_return,2026-02-02,2026-02-03,-0.05009262780598444,0.0
zero_return,2026-02-03,2026-02-04,0.007899887104515974,0.0
zero_return,2026-02-04,2026-02-05,0.010637663342939887,0.0
zero_return,2026-02-05,2026-02-06,-0.0037993432039348175,0.0
zero_return,2026-02-06,2026-02-09,0.01921408201253204,0.0
zero_return,2026-02-09,2026-02-10,-0.0009489596048676997,0.0
zero_return,2026-02-10,2026-02-11,-0.0010872520777491638,0.0
zero_return,2026-02-11,2026-02-12,0.00596854728969486,0.0
zero_return,2026-02-12,2026-02-13,-0.030172879637369383,0.0
zero_return,2026-02-13,2026-02-16,0.006912469920623361,0.0
zero_return,2026-02-16,2026-02-17,-0.01065159264491889,0.0
zero_return,2026-02-17,2026-02-18,0.010371870058921866,0.0
zero_return,2026-02-18,2026-02-19,-0.022962787761324547,0.0
zero_return,2026-02-19,2026-02-20,0.009422920134505188,0.0
zero_return,2026-02-20,2026-02-23,-0.017691813154385116,0.0
zero_return,2026-02-23,2026-02-24,0.010551094365814029,0.0
zero_return,2026-02-24,2026-02-25,0.03622354156957352,0.0
zero_return,2026-02-25,2026-02-26,-0.006345724149729259,0.0
zero_return,2026-02-26,2026-02-27,-0.007445423169869183,0.0
zero_return,2026-02-27,2026-03-02,0.05961748136434297,0.0
zero_return,2026-03-02,2026-03-04,0.023020650990380455,0.0
zero_return,2026-03-04,2026-03-05,0.04904275320841062,0.0
zero_return,2026-03-05,2026-03-06,0.010531087620788323,0.0
zero_return,2026-03-06,2026-03-09,-0.020151172879619914,0.0
zero_return,2026-03-09,2026-03-10,-0.0032102756302482102,0.0
zero_return,2026-03-10,2026-03-11,0.014561827427433706,0.0
zero_return,2026-03-11,2026-03-12,0.013905349263387145,0.0
zero_return,2026-03-12,2026-03-13,-0.05353036688422702,0.0
zero_return,2026-03-13,2026-03-16,-0.031727710854586914,0.0
zero_return,2026-03-16,2026-03-17,0.049676296261089804,0.0
zero_return,2026-03-17,2026-03-18,-0.01115896912549452,0.0
zero_return,2026-03-18,2026-03-19,0.0,0.0
zero_return,2026-03-19,2026-03-20,-0.0014914245866701316,0.0
zero_return,2026-03-20,2026-03-23,-0.021916748588471844,0.0
zero_return,2026-03-23,2026-03-24,-0.010936732680488162,0.0
zero_return,2026-03-24,2026-03-25,0.020908602124043402,0.0
zero_return,2026-03-25,2026-03-27,0.0176755111587224,0.0
zero_return,2026-03-27,2026-03-30,0.015925150549759168,0.0
zero_return,2026-03-30,2026-04-01,0.007538671209642994,0.0
zero_return,2026-04-01,2026-04-02,0.01466651172441258,0.0
zero_return,2026-04-02,2026-04-06,0.014696158291434178,0.0
zero_return,2026-04-06,2026-04-07,0.009149194653588082,0.0
zero_return,2026-04-07,2026-04-08,-0.0364390434176432,0.0
train_mean,2024-12-31,2025-01-01,0.014014525838172684,-0.0015012979284684256
train_mean,2025-01-01,2025-01-02,0.007648664012171,-0.0015012979284684256
train_mean,2025-01-02,2025-01-03,-0.04028338795931776,-0.0015012979284684256
train_mean,2025-01-03,2025-01-06,-0.03882079313195429,-0.0015012979284684256
train_mean,2025-01-06,2025-01-07,0.02150514925754211,-0.0015012979284684256
train_mean,2025-01-07,2025-01-08,-0.0029314072193538975,-0.0015012979284684256
train_mean,2025-01-08,2025-01-09,-0.01879156508781405,-0.0015012979284684256
train_mean,2025-01-09,2025-01-10,0.010237131592904231,-0.0015012979284684256
train_mean,2025-01-10,2025-01-13,-0.03411899497819723,-0.0015012979284684256
train_mean,2025-01-13,2025-01-14,0.03530078345084895,-0.0015012979284684256
train_mean,2025-01-14,2025-01-15,-0.028731369645886334,-0.0015012979284684256
train_mean,2025-01-15,2025-01-16,0.003176766910329171,-0.0015012979284684256
train_mean,2025-01-16,2025-01-17,0.042386173325936014,-0.0015012979284684256
train_mean,2025-01-17,2025-01-20,0.01966490227583768,-0.0015012979284684256
train_mean,2025-01-20,2025-01-21,-0.024321828258809776,-0.0015012979284684256
train_mean,2025-01-21,2025-01-22,-0.012505047675716892,-0.0015012979284684256
train_mean,2025-01-22,2025-01-23,0.008784829555732811,-0.0015012979284684256
train_mean,2025-01-23,2025-01-24,-0.011741817876683287,-0.0015012979284684256
train_mean,2025-01-24,2025-01-27,-0.015278214563320307,-0.0015012979284684256
train_mean,2025-01-27,2025-01-28,-0.04619139768627755,-0.0015012979284684256
train_mean,2025-01-28,2025-01-29,0.019751026377671777,-0.0015012979284684256
train_mean,2025-01-29,2025-01-30,-0.010148710344557488,-0.0015012979284684256
train_mean,2025-01-30,2025-01-31,0.04159695189516458,-0.0015012979284684256
train_mean,2025-01-31,2025-02-01,-0.02401573269714212,-0.0015012979284684256
train_mean,2025-02-01,2025-02-03,-0.023310835725119272,-0.0015012979284684256
train_mean,2025-02-03,2025-02-04,0.020527823820462452,-0.0015012979284684256
train_mean,2025-02-04,2025-02-05,0.013819758956328627,-0.0015012979284684256
train_mean,2025-02-05,2025-02-06,-0.01941613230285387,-0.0015012979284684256
train_mean,2025-02-06,2025-02-07,0.01756064145310009,-0.0015012979284684256
train_mean,2025-02-07,2025-02-10,-0.048229196298179476,-0.0015012979284684256
train_mean,2025-02-10,2025-02-11,-0.06407471821821162,-0.0015012979284684256
train_mean,2025-02-11,2025-02-12,0.030674460206366813,-0.0015012979284684256
train_mean,2025-02-12,2025-02-13,0.006707917406908922,-0.0015012979284684256
train_mean,2025-02-13,2025-02-14,-0.04405192106555058,-0.0015012979284684256
train_mean,2025-02-14,2025-02-17,-0.0002212878964550946,-0.0015012979284684256
train_mean,2025-02-17,2025-02-18,-0.007600380543789166,-0.0015012979284684256
train_mean,2025-02-18,2025-02-19,0.0521714354869422,-0.0015012979284684256
train_mean,2025-02-19,2025-02-20,0.03913163948826564,-0.0015012979284684256
train_mean,2025-02-20,2025-02-21,0.04273915870127967,-0.0015012979284684256
train_mean,2025-02-21,2025-02-24,-0.03967111883032618,-0.0015012979284684256
train_mean,2025-02-24,2025-02-25,-0.04721118664428582,-0.0015012979284684256
train_mean,2025-02-25,2025-02-27,-0.007719901715024238,-0.0015012979284684256
train_mean,2025-02-27,2025-02-28,0.004458120868071645,-0.0015012979284684256
train_mean,2025-02-28,2025-03-03,0.006431249972079907,-0.0015012979284684256
train_mean,2025-03-03,2025-03-04,0.013379254047114217,-0.0015012979284684256
train_mean,2025-03-04,2025-03-05,0.055335921551462094,-0.0015012979284684256
train_mean,2025-03-05,2025-03-06,0.004106141583595947,-0.0015012979284684256
train_mean,2025-03-06,2025-03-07,0.012425081870978474,-0.0015012979284684256
train_mean,2025-03-07,2025-03-10,-0.03679091656626317,-0.0015012979284684256
train_mean,2025-03-10,2025-03-11,0.025140765286129223,-0.0015012979284684256
train_mean,2025-03-11,2025-03-12,0.0028232360468433875,-0.0015012979284684256
train_mean,2025-03-12,2025-03-13,-0.021588875540270922,-0.0015012979284684256
train_mean,2025-03-13,2025-03-17,-0.018049388048637826,-0.0015012979284684256
train_mean,2025-03-17,2025-03-18,0.00932469790962389,-0.0015012979284684256
train_mean,2025-03-18,2025-03-19,-0.023962130374192613,-0.0015012979284684256
train_mean,2025-03-19,2025-03-20,0.014642014366121985,-0.0015012979284684256
train_mean,2025-03-20,2025-03-21,-0.025176303794518944,-0.0015012979284684256
train_mean,2025-03-21,2025-03-24,-0.0008550663197333875,-0.0015012979284684256
train_mean,2025-03-24,2025-03-25,-0.0398251511082518,-0.0015012979284684256
train_mean,2025-03-25,2025-03-26,-0.007337442591337955,-0.0015012979284684256
train_mean,2025-03-26,2025-03-27,0.004540239295026435,-0.0015012979284684256
train_mean,2025-03-27,2025-03-28,-0.01918469943551603,-0.0015012979284684256
train_mean,2025-03-28,2025-04-01,0.0016557713109412444,-0.0015012979284684256
train_mean,2025-04-01,2025-04-02,-0.0051528798317411525,-0.0015012979284684256
train_mean,2025-04-02,2025-04-03,-0.0012733693912539315,-0.0015012979284684256
train_mean,2025-04-03,2025-04-04,-0.082137969738649,-0.0015012979284684256
train_mean,2025-04-04,2025-04-07,0.011748892489082828,-0.0015012979284684256
train_mean,2025-04-07,2025-04-08,-0.027446899837009122,-0.0015012979284684256
train_mean,2025-04-08,2025-04-09,-0.0010451141867499967,-0.0015012979284684256
train_mean,2025-04-09,2025-04-11,-0.042914483251947376,-0.0015012979284684256
train_mean,2025-04-11,2025-04-15,0.0453256929252592,-0.0015012979284684256
train_mean,2025-04-15,2025-04-16,-0.005144790716152513,-0.0015012979284684256
train_mean,2025-04-16,2025-04-17,0.011181384580412424,-0.0015012979284684256
train_mean,2025-04-17,2025-04-21,0.0389109909716002,-0.0015012979284684256
train_mean,2025-04-21,2025-04-22,-0.020630854203624555,-0.0015012979284684256
train_mean,2025-04-22,2025-04-23,0.010981281054520764,-0.0015012979284684256
train_mean,2025-04-23,2025-04-24,0.0032763606101981293,-0.0015012979284684256
train_mean,2025-04-24,2025-04-25,-0.0391592711084707,-0.0015012979284684256
train_mean,2025-04-25,2025-04-28,0.01811517962849264,-0.0015012979284684256
train_mean,2025-04-28,2025-04-29,-0.018233765146291873,-0.0015012979284684256
train_mean,2025-04-29,2025-04-30,-0.007195879109812848,-0.0015012979284684256
train_mean,2025-04-30,2025-05-02,0.01742578345204998,-0.0015012979284684256
train_mean,2025-05-02,2025-05-05,0.0021781755507966176,-0.0015012979284684256
train_mean,2025-05-05,2025-05-06,-0.037199739589461905,-0.0015012979284684256
train_mean,2025-05-06,2025-05-07,0.04048509567094714,-0.0015012979284684256
train_mean,2025-05-07,2025-05-08,-0.026254949835293414,-0.0015012979284684256
train_mean,2025-05-08,2025-05-09,0.03794634060920655,-0.0015012979284684256
train_mean,2025-05-09,2025-05-12,0.03960196368330269,-0.0015012979284684256
train_mean,2025-05-12,2025-05-13,-0.02660605926696677,-0.0015012979284684256
train_mean,2025-05-13,2025-05-14,0.041626005954530615,-0.0015012979284684256
train_mean,2025-05-14,2025-05-15,0.025869379978417095,-0.0015012979284684256
train_mean,2025-05-15,2025-05-16,-0.004560947122107173,-0.0015012979284684256
train_mean,2025-05-16,2025-05-19,0.02747226513488315,-0.0015012979284684256
train_mean,2025-05-19,2025-05-20,-0.027158966760317513,-0.0015012979284684256
train_mean,2025-05-20,2025-05-21,0.00939752631874435,-0.0015012979284684256
train_mean,2025-05-21,2025-05-22,-0.026938553882023243,-0.0015012979284684256
train_mean,2025-05-22,2025-05-23,-0.014365424983424654,-0.0015012979284684256
train_mean,2025-05-23,2025-05-26,-0.007923197687457828,-0.0015012979284684256
train_mean,2025-05-26,2025-05-27,-0.008700703332698257,-0.0015012979284684256
train_mean,2025-05-27,2025-05-28,0.004758397689554344,-0.0015012979284684256
train_mean,2025-05-28,2025-05-29,-0.005864482489640278,-0.0015012979284684256
train_mean,2025-05-29,2025-05-30,-0.018676730743398134,-0.0015012979284684256
train_mean,2025-05-30,2025-06-02,0.009839699146008163,-0.0015012979284684256
train_mean,2025-06-02,2025-06-03,0.006058955467736518,-0.0015012979284684256
train_mean,2025-06-03,2025-06-04,0.002849941641787482,-0.0015012979284684256
train_mean,2025-06-04,2025-06-05,-0.0019170209896568842,-0.0015012979284684256
train_mean,2025-06-05,2025-06-06,0.029452690187115476,-0.0015012979284684256
train_mean,2025-06-06,2025-06-09,-0.015159033062513563,-0.0015012979284684256
train_mean,2025-06-09,2025-06-10,0.01821390563249155,-0.0015012979284684256
train_mean,2025-06-10,2025-06-11,-0.00519672569218934,-0.0015012979284684256
train_mean,2025-06-11,2025-06-12,-0.02121043204497912,-0.0015012979284684256
train_mean,2025-06-12,2025-06-13,0.014538609124760685,-0.0015012979284684256
train_mean,2025-06-13,2025-06-16,0.010854850854182004,-0.0015012979284684256
train_mean,2025-06-16,2025-06-17,-0.015327202517658662,-0.0015012979284684256
train_mean,2025-06-17,2025-06-18,0.0015587629805624995,-0.0015012979284684256
train_mean,2025-06-18,2025-06-19,-0.02588105283896469,-0.0015012979284684256
train_mean,2025-06-19,2025-06-20,0.016384377040176316,-0.0015012979284684256
train_mean,2025-06-20,2025-06-23,0.03772194309522411,-0.0015012979284684256
train_mean,2025-06-23,2025-06-24,-0.004994096330634054,-0.0015012979284684256
train_mean,2025-06-24,2025-06-25,-0.016150665091710915,-0.0015012979284684256
train_mean,2025-06-25,2025-06-26,0.02452474610839412,-0.0015012979284684256
train_mean,2025-06-26,2025-06-27,-0.0268847293835104,-0.0015012979284684256
train_mean,2025-06-27,2025-06-30,0.005098601128890074,-0.0015012979284684256
train_mean,2025-06-30,2025-07-01,-0.016316466966884543,-0.0015012979284684256
train_mean,2025-07-01,2025-07-02,0.007355083886295004,-0.0015012979284684256
train_mean,2025-07-02,2025-07-03,-0.00389358051913221,-0.0015012979284684256
train_mean,2025-07-03,2025-07-04,0.00041655819399537015,-0.0015012979284684256
train_mean,2025-07-04,2025-07-07,-0.0180791133999059,-0.0015012979284684256
train_mean,2025-07-07,2025-07-08,0.00485617211920758,-0.0015012979284684256
train_mean,2025-07-08,2025-07-09,-0.018883037602198095,-0.0015012979284684256
train_mean,2025-07-09,2025-07-10,0.010373812940911192,-0.0015012979284684256
train_mean,2025-07-10,2025-07-11,0.006087090384431047,-0.0015012979284684256
train_mean,2025-07-11,2025-07-14,0.0024836855846284756,-0.0015012979284684256
train_mean,2025-07-14,2025-07-15,0.005105408599888536,-0.0015012979284684256
train_mean,2025-07-15,2025-07-16,-0.013103854416350756,-0.0015012979284684256
train_mean,2025-07-16,2025-07-17,0.0006347191580911288,-0.0015012979284684256
train_mean,2025-07-17,2025-07-18,-0.008315505663542142,-0.0015012979284684256
train_mean,2025-07-18,2025-07-21,0.020413101304586328,-0.0015012979284684256
train_mean,2025-07-21,2025-07-22,0.005046010859770747,-0.0015012979284684256
train_mean,2025-07-22,2025-07-23,0.0029828885334132094,-0.0015012979284684256
train_mean,2025-07-23,2025-07-24,0.004080712985336842,-0.0015012979284684256
train_mean,2025-07-24,2025-07-25,-0.024130746171295576,-0.0015012979284684256
train_mean,2025-07-25,2025-07-28,-0.030949231250013587,-0.0015012979284684256
train_mean,2025-07-28,2025-07-29,0.011559596346684542,-0.0015012979284684256
train_mean,2025-07-29,2025-07-30,-0.016272587621592716,-0.0015012979284684256
train_mean,2025-07-30,2025-07-31,0.00032427174255932544,-0.0015012979284684256
train_mean,2025-07-31,2025-08-01,-0.015648912344660645,-0.0015012979284684256
train_mean,2025-08-01,2025-08-04,0.03501880224958407,-0.0015012979284684256
train_mean,2025-08-04,2025-08-05,0.0013894086561562842,-0.0015012979284684256
train_mean,2025-08-05,2025-08-06,0.0018572078246917375,-0.0015012979284684256
train_mean,2025-08-06,2025-08-07,0.008201755106887821,-0.0015012979284684256
train_mean,2025-08-07,2025-08-08,-0.0147774199377017,-0.0015012979284684256
train_mean,2025-08-08,2025-08-11,-0.007084483781449581,-0.0015012979284684256
train_mean,2025-08-11,2025-08-12,-0.0029444064206930343,-0.0015012979284684256
train_mean,2025-08-12,2025-08-13,0.012929387404340928,-0.0015012979284684256
train_mean,2025-08-13,2025-08-14,-0.01250281173401398,-0.0015012979284684256
train_mean,2025-08-14,2025-08-18,-0.0014856478564236394,-0.0015012979284684256
train_mean,2025-08-18,2025-08-19,0.013736696620785523,-0.0015012979284684256
train_mean,2025-08-19,2025-08-20,0.005215951737838302,-0.0015012979284684256
train_mean,2025-08-20,2025-08-21,-0.003909411010024586,-0.0015012979284684256
train_mean,2025-08-21,2025-08-22,-0.01173790353847254,-0.0015012979284684256
train_mean,2025-08-22,2025-08-25,0.0026820241682482806,-0.0015012979284684256
train_mean,2025-08-25,2025-08-26,-0.018534829708160106,-0.0015012979284684256
train_mean,2025-08-26,2025-08-28,-0.00545078119040414,-0.0015012979284684256
train_mean,2025-08-28,2025-08-29,0.0010210388613083262,-0.0015012979284684256
train_mean,2025-08-29,2025-09-01,0.021023456672582624,-0.0015012979284684256
train_mean,2025-09-01,2025-09-02,0.04346848946116067,-0.0015012979284684256
train_mean,2025-09-02,2025-09-03,0.02745932749639936,-0.0015012979284684256
train_mean,2025-09-03,2025-09-04,-0.011210933691596845,-0.0015012979284684256
train_mean,2025-09-04,2025-09-05,0.02452764081195513,-0.0015012979284684256
train_mean,2025-09-05,2025-09-08,-0.011521517572472747,-0.0015012979284684256
train_mean,2025-09-08,2025-09-09,-0.019126724532092486,-0.0015012979284684256
train_mean,2025-09-09,2025-09-10,0.009030274151012634,-0.0015012979284684256
train_mean,2025-09-10,2025-09-11,0.019546130343589495,-0.0015012979284684256
train_mean,2025-09-11,2025-09-12,0.01430243526826892,-0.0015012979284684256
train_mean,2025-09-12,2025-09-15,-0.010781651936822421,-0.0015012979284684256
train_mean,2025-09-15,2025-09-16,-0.0023991891179816673,-0.0015012979284684256
train_mean,2025-09-16,2025-09-17,-0.015124657162258118,-0.0015012979284684256
train_mean,2025-09-17,2025-09-18,0.0014041659222656523,-0.0015012979284684256
train_mean,2025-09-18,2025-09-19,0.002839566508077739,-0.0015012979284684256
train_mean,2025-09-19,2025-09-22,-0.004021484851041827,-0.0015012979284684256
train_mean,2025-09-22,2025-09-23,-0.009815678942377264,-0.0015012979284684256
train_mean,2025-09-23,2025-09-24,-0.009273188885319517,-0.0015012979284684256
train_mean,2025-09-24,2025-09-25,-0.0038348630768974836,-0.0015012979284684256
train_mean,2025-09-25,2025-09-26,-0.02471936392094771,-0.0015012979284684256
train_mean,2025-09-26,2025-09-29,0.014373811967580788,-0.0015012979284684256
train_mean,2025-09-29,2025-09-30,0.046268448067081726,-0.0015012979284684256
train_mean,2025-09-30,2025-10-01,-0.0013976242666379726,-0.0015012979284684256
train_mean,2025-10-01,2025-10-03,0.030576683101660625,-0.0015012979284684256
train_mean,2025-10-03,2025-10-06,-0.022314222757280407,-0.0015012979284684256
train_mean,2025-10-06,2025-10-07,-0.003816359782903368,-0.0015012979284684256
train_mean,2025-10-07,2025-10-08,0.024765283149603537,-0.0015012979284684256
train_mean,2025-10-08,2025-10-09,0.01824426908955515,-0.0015012979284684256
train_mean,2025-10-09,2025-10-10,-0.02509486739703264,-0.0015012979284684256
train_mean,2025-10-10,2025-10-13,0.010616095064084417,-0.0015012979284684256
train_mean,2025-10-13,2025-10-14,-0.014146263708265529,-0.0015012979284684256
train_mean,2025-10-14,2025-10-15,0.012212875235322336,-0.0015012979284684256
train_mean,2025-10-15,2025-10-16,-0.0007050943355754267,-0.0015012979284684256
train_mean,2025-10-16,2025-10-17,-0.007691665539920328,-0.0015012979284684256
train_mean,2025-10-17,2025-10-20,0.0027024050115646786,-0.0015012979284684256
train_mean,2025-10-20,2025-10-21,0.0015406627896167816,-0.0015012979284684256
train_mean,2025-10-21,2025-10-23,-0.0009632646657520917,-0.0015012979284684256
train_mean,2025-10-23,2025-10-24,0.008934328733765774,-0.0015012979284684256
train_mean,2025-10-24,2025-10-27,0.00029432169573581954,-0.0015012979284684256
train_mean,2025-10-27,2025-10-28,-0.0046773361298929296,-0.0015012979284684256
train_mean,2025-10-28,2025-10-29,0.0004200798213424005,-0.0015012979284684256
train_mean,2025-10-29,2025-10-30,0.0020181641562371953,-0.0015012979284684256
train_mean,2025-10-30,2025-10-31,-0.007488759362103096,-0.0015012979284684256
train_mean,2025-10-31,2025-11-03,0.0069798038063785175,-0.0015012979284684256
train_mean,2025-11-03,2025-11-04,-0.020074092711010003,-0.0015012979284684256
train_mean,2025-11-04,2025-11-06,-0.011555339200232623,-0.0015012979284684256
train_mean,2025-11-06,2025-11-07,0.029090288486355045,-0.0015012979284684256
train_mean,2025-11-07,2025-11-10,0.06505673641579007,-0.0015012979284684256
train_mean,2025-11-10,2025-11-11,0.02925771078273987,-0.0015012979284684256
train_mean,2025-11-11,2025-11-12,0.00544653426420161,-0.0015012979284684256
train_mean,2025-11-12,2025-11-13,0.006235202309194348,-0.0015012979284684256
train_mean,2025-11-13,2025-11-14,-0.0023964863020528755,-0.0015012979284684256
train_mean,2025-11-14,2025-11-17,-0.006650637975339856,-0.0015012979284684256
train_mean,2025-11-17,2025-11-18,-0.006585342411839229,-0.0015012979284684256
train_mean,2025-11-18,2025-11-19,-0.0015576327136836285,-0.0015012979284684256
train_mean,2025-11-19,2025-11-20,-0.0034100629805419547,-0.0015012979284684256
train_mean,2025-11-20,2025-11-21,-0.02092209107117088,-0.0015012979284684256
train_mean,2025-11-21,2025-11-24,0.0015945152066862635,-0.0015012979284684256
train_mean,2025-11-24,2025-11-25,0.007787062295329607,-0.0015012979284684256
train_mean,2025-11-25,2025-11-26,0.01043460643480414,-0.0015012979284684256
train_mean,2025-11-26,2025-11-27,0.006641991668975153,-0.0015012979284684256
train_mean,2025-11-27,2025-11-28,-0.010217642420097334,-0.0015012979284684256
train_mean,2025-11-28,2025-12-01,-0.0011365790198723255,-0.0015012979284684256
train_mean,2025-12-01,2025-12-02,-0.0032006051985602048,-0.0015012979284684256
train_mean,2025-12-02,2025-12-03,0.002630097326754126,-0.0015012979284684256
train_mean,2025-12-03,2025-12-04,0.00465333552564135,-0.0015012979284684256
train_mean,2025-12-04,2025-12-05,0.014380778805228622,-0.0015012979284684256
train_mean,2025-12-05,2025-12-08,-0.020470977646194464,-0.0015012979284684256
train_mean,2025-12-08,2025-12-09,-0.003382190371817936,-0.0015012979284684256
train_mean,2025-12-09,2025-12-10,-0.007575793808457656,-0.0015012979284684256
train_mean,2025-12-10,2025-12-11,-0.0026450043759786704,-0.0015012979284684256
train_mean,2025-12-11,2025-12-12,0.04184864633943948,-0.0015012979284684256
train_mean,2025-12-12,2025-12-15,0.0035945401751486293,-0.0015012979284684256
train_mean,2025-12-15,2025-12-16,-0.0016241093527560714,-0.0015012979284684256
train_mean,2025-12-16,2025-12-17,0.005202272025070122,-0.0015012979284684256
train_mean,2025-12-17,2025-12-18,-0.0007159477663969937,-0.0015012979284684256
train_mean,2025-12-18,2025-12-19,-0.0035842332278151613,-0.0015012979284684256
train_mean,2025-12-19,2025-12-22,0.03256020169683856,-0.0015012979284684256
train_mean,2025-12-22,2025-12-23,-0.0030970430811272983,-0.0015012979284684256
train_mean,2025-12-23,2025-12-24,0.011237986481595314,-0.0015012979284684256
train_mean,2025-12-24,2025-12-26,0.029265542329701712,-0.0015012979284684256
train_mean,2025-12-26,2025-12-29,-0.029794313843192453,-0.0015012979284684256
train_mean,2025-12-29,2025-12-30,0.060545660941507415,-0.0015012979284684256
train_mean,2025-12-30,2025-12-31,-0.011860659321291324,-0.0015012979284684256
train_mean,2025-12-31,2026-01-01,-0.0028566913570903392,-0.0015012979284684256
train_mean,2026-01-01,2026-01-02,0.043626407621372404,-0.0015012979284684256
train_mean,2026-01-02,2026-01-05,-0.0036210057669522934,-0.0015012979284684256
train_mean,2026-01-05,2026-01-06,0.039116882374284095,-0.0015012979284684256
train_mean,2026-01-06,2026-01-07,0.005118009465741897,-0.0015012979284684256
train_mean,2026-01-07,2026-01-08,-0.04255961441879589,-0.0015012979284684256
train_mean,2026-01-08,2026-01-09,0.05068104715660702,-0.0015012979284684256
train_mean,2026-01-09,2026-01-12,-0.005555174174890461,-0.0015012979284684256
train_mean,2026-01-12,2026-01-13,0.012387545792030809,-0.0015012979284684256
train_mean,2026-01-13,2026-01-14,0.0397294759335313,-0.0015012979284684256
train_mean,2026-01-14,2026-01-16,-0.012777531813255591,-0.0015012979284684256
train_mean,2026-01-16,2026-01-19,0.015444850170808782,-0.0015012979284684256
train_mean,2026-01-19,2026-01-20,-0.023540215630399403,-0.0015012979284684256
train_mean,2026-01-20,2026-01-21,0.020823895501036305,-0.0015012979284684256
train_mean,2026-01-21,2026-01-22,0.004398027979711973,-0.0015012979284684256
train_mean,2026-01-22,2026-01-23,0.01030517594272545,-0.0015012979284684256
train_mean,2026-01-23,2026-01-27,0.023812215022658706,-0.0015012979284684256
train_mean,2026-01-27,2026-01-28,0.044944312759341166,-0.0015012979284684256
train_mean,2026-01-28,2026-01-29,0.0403266059943955,-0.0015012979284684256
train_mean,2026-01-29,2026-01-30,-0.07121291584941547,-0.0015012979284684256
train_mean,2026-01-30,2026-02-01,0.0033936684154364134,-0.0015012979284684256
train_mean,2026-02-01,2026-02-02,0.06307894307484564,-0.0015012979284684256
train_mean,2026-02-02,2026-02-03,-0.05009262780598444,-0.0015012979284684256
train_mean,2026-02-03,2026-02-04,0.007899887104515974,-0.0015012979284684256
train_mean,2026-02-04,2026-02-05,0.010637663342939887,-0.0015012979284684256
train_mean,2026-02-05,2026-02-06,-0.0037993432039348175,-0.0015012979284684256
train_mean,2026-02-06,2026-02-09,0.01921408201253204,-0.0015012979284684256
train_mean,2026-02-09,2026-02-10,-0.0009489596048676997,-0.0015012979284684256
train_mean,2026-02-10,2026-02-11,-0.0010872520777491638,-0.0015012979284684256
train_mean,2026-02-11,2026-02-12,0.00596854728969486,-0.0015012979284684256
train_mean,2026-02-12,2026-02-13,-0.030172879637369383,-0.0015012979284684256
train_mean,2026-02-13,2026-02-16,0.006912469920623361,-0.0015012979284684256
train_mean,2026-02-16,2026-02-17,-0.01065159264491889,-0.0015012979284684256
train_mean,2026-02-17,2026-02-18,0.010371870058921866,-0.0015012979284684256
train_mean,2026-02-18,2026-02-19,-0.022962787761324547,-0.0015012979284684256
train_mean,2026-02-19,2026-02-20,0.009422920134505188,-0.0015012979284684256
train_mean,2026-02-20,2026-02-23,-0.017691813154385116,-0.0015012979284684256
train_mean,2026-02-23,2026-02-24,0.010551094365814029,-0.0015012979284684256
train_mean,2026-02-24,2026-02-25,0.03622354156957352,-0.0015012979284684256
train_mean,2026-02-25,2026-02-26,-0.006345724149729259,-0.0015012979284684256
train_mean,2026-02-26,2026-02-27,-0.007445423169869183,-0.0015012979284684256
train_mean,2026-02-27,2026-03-02,0.05961748136434297,-0.0015012979284684256
train_mean,2026-03-02,2026-03-04,0.023020650990380455,-0.0015012979284684256
train_mean,2026-03-04,2026-03-05,0.04904275320841062,-0.0015012979284684256
train_mean,2026-03-05,2026-03-06,0.010531087620788323,-0.0015012979284684256
train_mean,2026-03-06,2026-03-09,-0.020151172879619914,-0.0015012979284684256
train_mean,2026-03-09,2026-03-10,-0.0032102756302482102,-0.0015012979284684256
train_mean,2026-03-10,2026-03-11,0.014561827427433706,-0.0015012979284684256
train_mean,2026-03-11,2026-03-12,0.013905349263387145,-0.0015012979284684256
train_mean,2026-03-12,2026-03-13,-0.05353036688422702,-0.0015012979284684256
train_mean,2026-03-13,2026-03-16,-0.031727710854586914,-0.0015012979284684256
train_mean,2026-03-16,2026-03-17,0.049676296261089804,-0.0015012979284684256
train_mean,2026-03-17,2026-03-18,-0.01115896912549452,-0.0015012979284684256
train_mean,2026-03-18,2026-03-19,0.0,-0.0015012979284684256
train_mean,2026-03-19,2026-03-20,-0.0014914245866701316,-0.0015012979284684256
train_mean,2026-03-20,2026-03-23,-0.021916748588471844,-0.0015012979284684256
train_mean,2026-03-23,2026-03-24,-0.010936732680488162,-0.0015012979284684256
train_mean,2026-03-24,2026-03-25,0.020908602124043402,-0.0015012979284684256
train_mean,2026-03-25,2026-03-27,0.0176755111587224,-0.0015012979284684256
train_mean,2026-03-27,2026-03-30,0.015925150549759168,-0.0015012979284684256
train_mean,2026-03-30,2026-04-01,0.007538671209642994,-0.0015012979284684256
train_mean,2026-04-01,2026-04-02,0.01466651172441258,-0.0015012979284684256
train_mean,2026-04-02,2026-04-06,0.014696158291434178,-0.0015012979284684256
train_mean,2026-04-06,2026-04-07,0.009149194653588082,-0.0015012979284684256
train_mean,2026-04-07,2026-04-08,-0.0364390434176432,-0.0015012979284684256
NALCO_only,2024-12-31,2025-01-01,0.014014525838172684,-0.0014598786646446474
NALCO_only,2025-01-01,2025-01-02,0.007648664012171,-0.0015190935797194172
NALCO_only,2025-01-02,2025-01-03,-0.04028338795931776,-0.0017084101801034823
NALCO_only,2025-01-03,2025-01-06,-0.03882079313195429,0.002658934468168614
NALCO_only,2025-01-06,2025-01-07,0.02150514925754211,0.002358887290166009
NALCO_only,2025-01-07,2025-01-08,-0.0029314072193538975,-0.0006829803348571386
NALCO_only,2025-01-08,2025-01-09,-0.01879156508781405,-0.0008823216143282171
NALCO_only,2025-01-09,2025-01-10,0.010237131592904231,0.00039439342539313135
NALCO_only,2025-01-10,2025-01-13,-0.03411899497819723,-0.00010217596307491987
NALCO_only,2025-01-13,2025-01-14,0.03530078345084895,0.0027334506831163882
NALCO_only,2025-01-14,2025-01-15,-0.028731369645886334,-0.0012874293644825811
NALCO_only,2025-01-15,2025-01-16,0.003176766910329171,0.0008512829341095747
NALCO_only,2025-01-16,2025-01-17,0.042386173325936014,-0.0016667054556652463
NALCO_only,2025-01-17,2025-01-20,0.01966490227583768,-0.0008774075726493822
NALCO_only,2025-01-20,2025-01-21,-0.024321828258809776,-0.002175115309695282
NALCO_only,2025-01-21,2025-01-22,-0.012505047675716892,0.0007029121246452323
NALCO_only,2025-01-22,2025-01-23,0.008784829555732811,-0.00026459448016044607
NALCO_only,2025-01-23,2025-01-24,-0.011741817876683287,-0.00188552039729162
NALCO_only,2025-01-24,2025-01-27,-0.015278214563320307,-0.001071482338094845
NALCO_only,2025-01-27,2025-01-28,-0.04619139768627755,-0.0005746464798872749
NALCO_only,2025-01-28,2025-01-29,0.019751026377671777,0.002711264779842136
NALCO_only,2025-01-29,2025-01-30,-0.010148710344557488,-0.0012733370415844558
NALCO_only,2025-01-30,2025-01-31,0.04159695189516458,-0.001010035692578926
NALCO_only,2025-01-31,2025-02-01,-0.02401573269714212,-0.0011366437842780532
NALCO_only,2025-02-01,2025-02-03,-0.023310835725119272,0.0005962645016781393
NALCO_only,2025-02-03,2025-02-04,0.020527823820462452,0.001592688044547536
NALCO_only,2025-02-04,2025-02-05,0.013819758956328627,-0.002320412874387826
NALCO_only,2025-02-05,2025-02-06,-0.01941613230285387,-0.0019377981329057096
NALCO_only,2025-02-06,2025-02-07,0.01756064145310009,-0.0012921919970171679
NALCO_only,2025-02-07,2025-02-10,-0.048229196298179476,-0.003132395531504086
NALCO_only,2025-02-10,2025-02-11,-0.06407471821821162,0.0014915857910740877
NALCO_only,2025-02-11,2025-02-12,0.030674460206366813,0.005088072602864898
NALCO_only,2025-02-12,2025-02-13,0.006707917406908922,-0.0011467082753982112
NALCO_only,2025-02-13,2025-02-14,-0.04405192106555058,-0.0011360243919994566
NALCO_only,2025-02-14,2025-02-17,-0.0002212878964550946,0.004159409606307602
NALCO_only,2025-02-17,2025-02-18,-0.007600380543789166,-0.00022168590080361194
NALCO_only,2025-02-18,2025-02-19,0.0521714354869422,-0.00026214093147882843
NALCO_only,2025-02-19,2025-02-20,0.03913163948826564,-0.0003250970535624944
NALCO_only,2025-02-20,2025-02-21,0.04273915870127967,-0.0013697697621682377
NALCO_only,2025-02-21,2025-02-24,-0.03967111883032618,-0.0014815213449821353
NALCO_only,2025-02-24,2025-02-25,-0.04721118664428582,0.0009522976351681635
NALCO_only,2025-02-25,2025-02-27,-0.007719901715024238,0.002110987697536075
NALCO_only,2025-02-27,2025-02-28,0.004458120868071645,-0.0009166140797960741
NALCO_only,2025-02-28,2025-03-03,0.006431249972079907,-0.0004087094778072052
NALCO_only,2025-03-03,2025-03-04,0.013379254047114217,-0.0001987609903515966
NALCO_only,2025-03-04,2025-03-05,0.055335921551462094,0.00026339647320754796
NALCO_only,2025-03-05,2025-03-06,0.004106141583595947,-0.0008475787330318873
NALCO_only,2025-03-06,2025-03-07,0.012425081870978474,-0.0033040469939660984
NALCO_only,2025-03-07,2025-03-10,-0.03679091656626317,-0.002532354488802625
NALCO_only,2025-03-10,2025-03-11,0.025140765286129223,0.0012147875831980076
NALCO_only,2025-03-11,2025-03-12,0.0028232360468433875,-0.002004303182191163
NALCO_only,2025-03-12,2025-03-13,-0.021588875540270922,-0.002220470259372209
NALCO_only,2025-03-13,2025-03-17,-0.018049388048637826,-0.0013468736131178375
NALCO_only,2025-03-17,2025-03-18,0.00932469790962389,-0.001262639366385721
NALCO_only,2025-03-18,2025-03-19,-0.023962130374192613,-0.0034183305774471246
NALCO_only,2025-03-19,2025-03-20,0.014642014366121985,-0.0016591655795415692
NALCO_only,2025-03-20,2025-03-21,-0.025176303794518944,-0.0027762778557608183
NALCO_only,2025-03-21,2025-03-24,-0.0008550663197333875,-7.671216906005311e-05
NALCO_only,2025-03-24,2025-03-25,-0.0398251511082518,-0.002867410403011845
NALCO_only,2025-03-25,2025-03-26,-0.007337442591337955,0.001223608905094963
NALCO_only,2025-03-26,2025-03-27,0.004540239295026435,-0.0015537510166924462
NALCO_only,2025-03-27,2025-03-28,-0.01918469943551603,-0.0027368439621611096
NALCO_only,2025-03-28,2025-04-01,0.0016557713109412444,-0.000796872939600537
NALCO_only,2025-04-01,2025-04-02,-0.0051528798317411525,-0.0019110643806788525
NALCO_only,2025-04-02,2025-04-03,-0.0012733693912539315,-0.0016016006652434813
NALCO_only,2025-04-03,2025-04-04,-0.082137969738649,-0.0013128456939836795
NALCO_only,2025-04-04,2025-04-07,0.011748892489082828,0.007261035793090519
NALCO_only,2025-04-07,2025-04-08,-0.027446899837009122,0.006285819880008587
NALCO_only,2025-04-08,2025-04-09,-0.0010451141867499967,0.002175614467843673
NALCO_only,2025-04-09,2025-04-11,-0.042914483251947376,0.0016945121589743816
NALCO_only,2025-04-11,2025-04-15,0.0453256929252592,0.002430710970820666
NALCO_only,2025-04-15,2025-04-16,-0.005144790716152513,0.0002697288614882658
NALCO_only,2025-04-16,2025-04-17,0.011181384580412424,-0.00016188282513974442
NALCO_only,2025-04-17,2025-04-21,0.0389109909716002,-0.0008872621316030286
NALCO_only,2025-04-21,2025-04-22,-0.020630854203624555,-0.00023161797334615057
NALCO_only,2025-04-22,2025-04-23,0.010981281054520764,0.0005303605453896899
NALCO_only,2025-04-23,2025-04-24,0.0032763606101981293,-0.0008383263124990684
NALCO_only,2025-04-24,2025-04-25,-0.0391592711084707,-0.0017409762019164412
NALCO_only,2025-04-25,2025-04-28,0.01811517962849264,0.0022381528257196266
NALCO_only,2025-04-28,2025-04-29,-0.018233765146291873,-0.0015742339656791477
NALCO_only,2025-04-29,2025-04-30,-0.007195879109812848,-0.0004634664995945665
NALCO_only,2025-04-30,2025-05-02,0.01742578345204998,-0.0010090137166748356
NALCO_only,2025-05-02,2025-05-05,0.0021781755507966176,-0.0012066745773742548
NALCO_only,2025-05-05,2025-05-06,-0.037199739589461905,-0.0019385583015633853
NALCO_only,2025-05-06,2025-05-07,0.04048509567094714,0.0011787094353107803
NALCO_only,2025-05-07,2025-05-08,-0.026254949835293414,-0.0006895510871080016
NALCO_only,2025-05-08,2025-05-09,0.03794634060920655,0.00021416968622997123
NALCO_only,2025-05-09,2025-05-12,0.03960196368330269,-0.0013127528682144386
NALCO_only,2025-05-12,2025-05-13,-0.02660605926696677,-0.0036604384539064326
NALCO_only,2025-05-13,2025-05-14,0.041626005954530615,-0.0023017752111234285
NALCO_only,2025-05-14,2025-05-15,0.025869379978417095,-0.003933046968734953
NALCO_only,2025-05-15,2025-05-16,-0.004560947122107173,-0.0028801382343278167
NALCO_only,2025-05-16,2025-05-19,0.02747226513488315,-0.004066884776960211
NALCO_only,2025-05-19,2025-05-20,-0.027158966760317513,-0.0036622831193072695
NALCO_only,2025-05-20,2025-05-21,0.00939752631874435,-0.002254042927647741
NALCO_only,2025-05-21,2025-05-22,-0.026938553882023243,-0.004425752573743637
NALCO_only,2025-05-22,2025-05-23,-0.014365424983424654,-0.0024296222959521753
NALCO_only,2025-05-23,2025-05-26,-0.007923197687457828,-0.0026072685097334957
NALCO_only,2025-05-26,2025-05-27,-0.008700703332698257,-0.004254862593983923
NALCO_only,2025-05-27,2025-05-28,0.004758397689554344,-0.003992050757925203
NALCO_only,2025-05-28,2025-05-29,-0.005864482489640278,-0.004711822999882372
NALCO_only,2025-05-29,2025-05-30,-0.018676730743398134,-0.004858565177208911
NALCO_only,2025-05-30,2025-06-02,0.009839699146008163,-0.0030089366410792186
NALCO_only,2025-06-02,2025-06-03,0.006058955467736518,-0.0029410968397531635
NALCO_only,2025-06-03,2025-06-04,0.002849941641787482,-0.004411026582410571
NALCO_only,2025-06-04,2025-06-05,-0.0019170209896568842,-0.004010308449224065
NALCO_only,2025-06-05,2025-06-06,0.029452690187115476,-0.004675901716207903
NALCO_only,2025-06-06,2025-06-09,-0.015159033062513563,-0.00329877353865592
NALCO_only,2025-06-09,2025-06-10,0.01821390563249155,-0.003282967182972138
NALCO_only,2025-06-10,2025-06-11,-0.00519672569218934,-0.003599117100660314
NALCO_only,2025-06-11,2025-06-12,-0.02121043204497912,-0.0034904516117785283
NALCO_only,2025-06-12,2025-06-13,0.014538609124760685,-0.0019151921100429006
NALCO_only,2025-06-13,2025-06-16,0.010854850854182004,-0.001576243069395247
NALCO_only,2025-06-16,2025-06-17,-0.015327202517658662,-0.002491945863146959
NALCO_only,2025-06-17,2025-06-18,0.0015587629805624995,-0.00252699462450195
NALCO_only,2025-06-18,2025-06-19,-0.02588105283896469,-0.0034810691740170445
NALCO_only,2025-06-19,2025-06-20,0.016384377040176316,-0.0010481670641157312
NALCO_only,2025-06-20,2025-06-23,0.03772194309522411,-0.0028560543187706186
NALCO_only,2025-06-23,2025-06-24,-0.004994096330634054,-0.0017161838999988546
NALCO_only,2025-06-24,2025-06-25,-0.016150665091710915,-0.0033446714564507214
NALCO_only,2025-06-25,2025-06-26,0.02452474610839412,-0.0025207464098959825
NALCO_only,2025-06-26,2025-06-27,-0.0268847293835104,-0.002842165071605356
NALCO_only,2025-06-27,2025-06-30,0.005098601128890074,-0.001371964243953739
NALCO_only,2025-06-30,2025-07-01,-0.016316466966884543,-0.003142653143191493
NALCO_only,2025-07-01,2025-07-02,0.007355083886295004,-0.00210871189804004
NALCO_only,2025-07-02,2025-07-03,-0.00389358051913221,-0.0029613008081450305
NALCO_only,2025-07-03,2025-07-04,0.00041655819399537015,-0.002981805798566573
NALCO_only,2025-07-04,2025-07-07,-0.0180791133999059,-0.0030547729350339633
NALCO_only,2025-07-07,2025-07-08,0.00485617211920758,-0.0019820134419753135
NALCO_only,2025-07-08,2025-07-09,-0.018883037602198095,-0.0030838210156728958
NALCO_only,2025-07-09,2025-07-10,0.010373812940911192,-0.001270519773852028
NALCO_only,2025-07-10,2025-07-11,0.006087090384431047,-0.0033042605841786176
NALCO_only,2025-07-11,2025-07-14,0.0024836855846284756,-0.002575649025865318
NALCO_only,2025-07-14,2025-07-15,0.005105408599888536,-0.0025648646253396386
NALCO_only,2025-07-15,2025-07-16,-0.013103854416350756,-0.003440826129837797
NALCO_only,2025-07-16,2025-07-17,0.0006347191580911288,-0.002775497458722565
NALCO_only,2025-07-17,2025-07-18,-0.008315505663542142,-0.0034358015787296897
NALCO_only,2025-07-18,2025-07-21,0.020413101304586328,-0.002720954117229667
NALCO_only,2025-07-21,2025-07-22,0.005046010859770747,-0.0032076479500664154
NALCO_only,2025-07-22,2025-07-23,0.0029828885334132094,-0.003755304842588781
NALCO_only,2025-07-23,2025-07-24,0.004080712985336842,-0.003648559110369351
NALCO_only,2025-07-24,2025-07-25,-0.024130746171295576,-0.0031833779054551183
NALCO_only,2025-07-25,2025-07-28,-0.030949231250013587,-0.0010971724102349614
NALCO_only,2025-07-28,2025-07-29,0.011559596346684542,-0.00025907503671428926
NALCO_only,2025-07-29,2025-07-30,-0.016272587621592716,-0.002804038402179066
NALCO_only,2025-07-30,2025-07-31,0.00032427174255932544,-0.0018081222343769069
NALCO_only,2025-07-31,2025-08-01,-0.015648912344660645,-0.0019324168435842146
NALCO_only,2025-08-01,2025-08-04,0.03501880224958407,-0.0009150179431911978
NALCO_only,2025-08-04,2025-08-05,0.0013894086561562842,-0.0018608442259770363
NALCO_only,2025-08-05,2025-08-06,0.0018572078246917375,-0.0030939900208804194
NALCO_only,2025-08-06,2025-08-07,0.008201755106887821,-0.003462017761395271
NALCO_only,2025-08-07,2025-08-08,-0.0147774199377017,-0.0018363910796731103
NALCO_only,2025-08-08,2025-08-11,-0.007084483781449581,-0.0012563346829798754
NALCO_only,2025-08-11,2025-08-12,-0.0029444064206930343,-0.002396228234334626
NALCO_only,2025-08-12,2025-08-13,0.012929387404340928,-0.002423616527828152
NALCO_only,2025-08-13,2025-08-14,-0.01250281173401398,-0.0030119780560089243
NALCO_only,2025-08-14,2025-08-18,-0.0014856478564236394,-0.0022340670305524223
NALCO_only,2025-08-18,2025-08-19,0.013736696620785523,-0.002973558693293388
NALCO_only,2025-08-19,2025-08-20,0.005215951737838302,-0.003041831779223696
NALCO_only,2025-08-20,2025-08-21,-0.003909411010024586,-0.0029432852285596256
NALCO_only,2025-08-21,2025-08-22,-0.01173790353847254,-0.0026253321517498273
NALCO_only,2025-08-22,2025-08-25,0.0026820241682482806,-0.0018467068411936215
NALCO_only,2025-08-25,2025-08-26,-0.018534829708160106,-0.0029682400546965403
NALCO_only,2025-08-26,2025-08-28,-0.00545078119040414,-0.0012727980519411839
NALCO_only,2025-08-28,2025-08-29,0.0010210388613083262,-0.0021641265461542335
NALCO_only,2025-08-29,2025-09-01,0.021023456672582624,-0.0023675898644392075
NALCO_only,2025-09-01,2025-09-02,0.04346848946116067,-0.0029711034079250255
NALCO_only,2025-09-02,2025-09-03,0.02745932749639936,-0.001980418785066736
NALCO_only,2025-09-03,2025-09-04,-0.011210933691596845,-0.003434428612989861
NALCO_only,2025-09-04,2025-09-05,0.02452764081195513,-0.0032792552173550177
NALCO_only,2025-09-05,2025-09-08,-0.011521517572472747,-0.003125237405854253
NALCO_only,2025-09-08,2025-09-09,-0.019126724532092486,-0.0022723195055867236
NALCO_only,2025-09-09,2025-09-10,0.009030274151012634,-0.0025427760812002957
NALCO_only,2025-09-10,2025-09-11,0.019546130343589495,-0.003915618654991166
NALCO_only,2025-09-11,2025-09-12,0.01430243526826892,-0.0029994875730028642
NALCO_only,2025-09-12,2025-09-15,-0.010781651936822421,-0.004262572550324369
NALCO_only,2025-09-15,2025-09-16,-0.0023991891179816673,-0.003508312373863497
NALCO_only,2025-09-16,2025-09-17,-0.015124657162258118,-0.003787322910471739
NALCO_only,2025-09-17,2025-09-18,0.0014041659222656523,-0.0025333826122085935
NALCO_only,2025-09-18,2025-09-19,0.002839566508077739,-0.004053641336270534
NALCO_only,2025-09-19,2025-09-22,-0.004021484851041827,-0.003930837230422965
NALCO_only,2025-09-22,2025-09-23,-0.009815678942377264,-0.003261206473573433
NALCO_only,2025-09-23,2025-09-24,-0.009273188885319517,-0.0030709596883453337
NALCO_only,2025-09-24,2025-09-25,-0.0038348630768974836,-0.003095169855698434
NALCO_only,2025-09-25,2025-09-26,-0.02471936392094771,-0.002986413309985232
NALCO_only,2025-09-26,2025-09-29,0.014373811967580788,-0.0012912609551280554
NALCO_only,2025-09-29,2025-09-30,0.046268448067081726,-0.0031917615044071727
NALCO_only,2025-09-30,2025-10-01,-0.0013976242666379726,-0.0019242689990369528
NALCO_only,2025-10-01,2025-10-03,0.030576683101660625,-0.0025022375982031103
NALCO_only,2025-10-03,2025-10-06,-0.022314222757280407,-0.0020654631125800946
NALCO_only,2025-10-06,2025-10-07,-0.003816359782903368,-0.0015504644337547145
NALCO_only,2025-10-07,2025-10-08,0.024765283149603537,-0.0030658069369120704
NALCO_only,2025-10-08,2025-10-09,0.01824426908955515,-0.0028430617135402052
NALCO_only,2025-10-09,2025-10-10,-0.02509486739703264,-0.003221547847626164
NALCO_only,2025-10-10,2025-10-13,0.010616095064084417,-0.0014593632794733242
NALCO_only,2025-10-13,2025-10-14,-0.014146263708265529,-0.0029603585558880584
NALCO_only,2025-10-14,2025-10-15,0.012212875235322336,-0.0021077485599802787
NALCO_only,2025-10-15,2025-10-16,-0.0007050943355754267,-0.0034897413189808376
NALCO_only,2025-10-16,2025-10-17,-0.007691665539920328,-0.003487497193950544
NALCO_only,2025-10-17,2025-10-20,0.0027024050115646786,-0.0022033905092047213
NALCO_only,2025-10-20,2025-10-21,0.0015406627896167816,-0.0032657217682012527
NALCO_only,2025-10-21,2025-10-23,-0.0009632646657520917,-0.004573341524166101
NALCO_only,2025-10-23,2025-10-24,0.008934328733765774,-0.0038379483833268753
NALCO_only,2025-10-24,2025-10-27,0.00029432169573581954,-0.0036443362105565173
NALCO_only,2025-10-27,2025-10-28,-0.0046773361298929296,-0.00499415343034041
NALCO_only,2025-10-28,2025-10-29,0.0004200798213424005,-0.0038242266341716397
NALCO_only,2025-10-29,2025-10-30,0.0020181641562371953,-0.00459971276868986
NALCO_only,2025-10-30,2025-10-31,-0.007488759362103096,-0.0035453979857816356
NALCO_only,2025-10-31,2025-11-03,0.0069798038063785175,-0.0033481223692888046
NALCO_only,2025-11-03,2025-11-04,-0.020074092711010003,-0.004122737246995057
NALCO_only,2025-11-04,2025-11-06,-0.011555339200232623,-0.0021049659772775647
NALCO_only,2025-11-06,2025-11-07,0.029090288486355045,-0.0026428370327349028
NALCO_only,2025-11-07,2025-11-10,0.06505673641579007,-0.0016991849386819124
NALCO_only,2025-11-10,2025-11-11,0.02925771078273987,-0.002062411261446121
NALCO_only,2025-11-11,2025-11-12,0.00544653426420161,-0.0036761378644336994
NALCO_only,2025-11-12,2025-11-13,0.006235202309194348,-0.00451521743817401
NALCO_only,2025-11-13,2025-11-14,-0.0023964863020528755,-0.004477124299716148
NALCO_only,2025-11-14,2025-11-17,-0.006650637975339856,-0.002839686687750212
NALCO_only,2025-11-17,2025-11-18,-0.006585342411839229,-0.003797003243547652
NALCO_only,2025-11-18,2025-11-19,-0.0015576327136836285,-0.003896402586214002
NALCO_only,2025-11-19,2025-11-20,-0.0034100629805419547,-0.0036926057248075957
NALCO_only,2025-11-20,2025-11-21,-0.02092209107117088,-0.003763767758051725
NALCO_only,2025-11-21,2025-11-24,0.0015945152066862635,-0.002286933394024261
NALCO_only,2025-11-24,2025-11-25,0.007787062295329607,-0.0033686942676759216
NALCO_only,2025-11-25,2025-11-26,0.01043460643480414,-0.003815186686269033
NALCO_only,2025-11-26,2025-11-27,0.006641991668975153,-0.004176052096092305
NALCO_only,2025-11-27,2025-11-28,-0.010217642420097334,-0.003666643211920206
NALCO_only,2025-11-28,2025-12-01,-0.0011365790198723255,-0.0034293522647455155
NALCO_only,2025-12-01,2025-12-02,-0.0032006051985602048,-0.004272391305597737
NALCO_only,2025-12-02,2025-12-03,0.002630097326754126,-0.004170877899198236
NALCO_only,2025-12-03,2025-12-04,0.00465333552564135,-0.0038162343345231184
NALCO_only,2025-12-04,2025-12-05,0.014380778805228622,-0.005085163803959837
NALCO_only,2025-12-05,2025-12-08,-0.020470977646194464,-0.0037832649193916936
NALCO_only,2025-12-08,2025-12-09,-0.003382190371817936,-0.0013093974705586041
NALCO_only,2025-12-09,2025-12-10,-0.007575793808457656,-0.0016344801040027671
NALCO_only,2025-12-10,2025-12-11,-0.0026450043759786704,-0.0017700784510917482
NALCO_only,2025-12-11,2025-12-12,0.04184864633943948,-0.0025036297068460325
NALCO_only,2025-12-12,2025-12-15,0.0035945401751486293,-0.002256557494669917
NALCO_only,2025-12-15,2025-12-16,-0.0016241093527560714,-0.0038065233320684734
NALCO_only,2025-12-16,2025-12-17,0.005202272025070122,-0.0035113433963982494
NALCO_only,2025-12-17,2025-12-18,-0.0007159477663969937,-0.004024158672620754
NALCO_only,2025-12-18,2025-12-19,-0.0035842332278151613,-0.002832715783355701
NALCO_only,2025-12-19,2025-12-22,0.03256020169683856,-0.003742290284761124
NALCO_only,2025-12-22,2025-12-23,-0.0030970430811272983,-0.0032976329473014894
NALCO_only,2025-12-23,2025-12-24,0.011237986481595314,-0.004051340311427097
NALCO_only,2025-12-24,2025-12-26,0.029265542329701712,-0.00371467117341539
NALCO_only,2025-12-26,2025-12-29,-0.029794313843192453,-0.0034587416057760712
NALCO_only,2025-12-29,2025-12-30,0.060545660941507415,-0.0013189072879025748
NALCO_only,2025-12-30,2025-12-31,-0.011860659321291324,-0.0020754680302591515
NALCO_only,2025-12-31,2026-01-01,-0.0028566913570903392,-0.004050722204637148
NALCO_only,2026-01-01,2026-01-02,0.043626407621372404,-0.00453074120103968
NALCO_only,2026-01-02,2026-01-05,-0.0036210057669522934,-0.003673830177067494
NALCO_only,2026-01-05,2026-01-06,0.039116882374284095,-0.004420264407289032
NALCO_only,2026-01-06,2026-01-07,0.005118009465741897,-0.0036138337579362575
NALCO_only,2026-01-07,2026-01-08,-0.04255961441879589,-0.004999359821077604
NALCO_only,2026-01-08,2026-01-09,0.05068104715660702,-0.001237063290291389
NALCO_only,2026-01-09,2026-01-12,-0.005555174174890461,-0.0032955054207839582
NALCO_only,2026-01-12,2026-01-13,0.012387545792030809,-0.0038489036665444497
NALCO_only,2026-01-13,2026-01-14,0.0397294759335313,-0.0052103973880718215
NALCO_only,2026-01-14,2026-01-16,-0.012777531813255591,-0.004407418169177777
NALCO_only,2026-01-16,2026-01-19,0.015444850170808782,-0.003829569943185147
NALCO_only,2026-01-19,2026-01-20,-0.023540215630399403,-0.005421311301406612
NALCO_only,2026-01-20,2026-01-21,0.020823895501036305,-0.002989335430869198
NALCO_only,2026-01-21,2026-01-22,0.004398027979711973,-0.0043618359561316405
NALCO_only,2026-01-22,2026-01-23,0.01030517594272545,-0.004192084542140794
NALCO_only,2026-01-23,2026-01-27,0.023812215022658706,-0.003162222402873847
NALCO_only,2026-01-27,2026-01-28,0.044944312759341166,-0.00486773104586225
NALCO_only,2026-01-28,2026-01-29,0.0403266059943955,-0.0038772206138866115
NALCO_only,2026-01-29,2026-01-30,-0.07121291584941547,-0.00490923498541283
NALCO_only,2026-01-30,2026-02-01,0.0033936684154364134,0.0033343822692745865
NALCO_only,2026-02-01,2026-02-02,0.06307894307484564,0.004457996477883586
NALCO_only,2026-02-02,2026-02-03,-0.05009262780598444,-0.00019401149733306428
NALCO_only,2026-02-03,2026-02-04,0.007899887104515974,0.0010460430008790106
NALCO_only,2026-02-04,2026-02-05,0.010637663342939887,-0.0037217011823567773
NALCO_only,2026-02-05,2026-02-06,-0.0037993432039348175,-0.0010260759587871135
NALCO_only,2026-02-06,2026-02-09,0.01921408201253204,-0.002551826527159382
NALCO_only,2026-02-09,2026-02-10,-0.0009489596048676997,-0.003293938422749205
NALCO_only,2026-02-10,2026-02-11,-0.0010872520777491638,-0.003664086938425874
NALCO_only,2026-02-11,2026-02-12,0.00596854728969486,-0.003323379178965636
NALCO_only,2026-02-12,2026-02-13,-0.030172879637369383,-0.0027496119232388316
NALCO_only,2026-02-13,2026-02-16,0.006912469920623361,0.00028399214596583626
NALCO_only,2026-02-16,2026-02-17,-0.01065159264491889,-0.0020743629811371834
NALCO_only,2026-02-17,2026-02-18,0.010371870058921866,-0.0009465088544690635
NALCO_only,2026-02-18,2026-02-19,-0.022962787761324547,-0.002824513422948326
NALCO_only,2026-02-19,2026-02-20,0.009422920134505188,-0.0004966047509694339
NALCO_only,2026-02-20,2026-02-23,-0.017691813154385116,-0.0026103600376843755
NALCO_only,2026-02-23,2026-02-24,0.010551094365814029,-0.000581950898248141
NALCO_only,2026-02-24,2026-02-25,0.03622354156957352,-0.0006791464023055784
NALCO_only,2026-02-25,2026-02-26,-0.006345724149729259,-0.0008468311592236558
NALCO_only,2026-02-26,2026-02-27,-0.007445423169869183,-0.002496909348972721
NALCO_only,2026-02-27,2026-03-02,0.05961748136434297,-0.0018232846165397933
NALCO_only,2026-03-02,2026-03-04,0.023020650990380455,0.0002463037356225579
NALCO_only,2026-03-04,2026-03-05,0.04904275320841062,-0.0010153375044823902
NALCO_only,2026-03-05,2026-03-06,0.010531087620788323,-0.0007984309101962694
NALCO_only,2026-03-06,2026-03-09,-0.020151172879619914,-0.0020818694180427585
NALCO_only,2026-03-09,2026-03-10,-0.0032102756302482102,-0.0008754877850822708
NALCO_only,2026-03-10,2026-03-11,0.014561827427433706,-0.0022839920093560267
NALCO_only,2026-03-11,2026-03-12,0.013905349263387145,-0.003070042903803827
NALCO_only,2026-03-12,2026-03-13,-0.05353036688422702,-0.0013303977185107484
NALCO_only,2026-03-13,2026-03-16,-0.031727710854586914,0.0028713741351389975
NALCO_only,2026-03-16,2026-03-17,0.049676296261089804,0.0005424244170054691
NALCO_only,2026-03-17,2026-03-18,-0.01115896912549452,-0.0018728084129360039
NALCO_only,2026-03-18,2026-03-19,0.0,-0.002772975465703195
NALCO_only,2026-03-19,2026-03-20,-0.0014914245866701316,-0.0011876224880143908
NALCO_only,2026-03-20,2026-03-23,-0.021916748588471844,0.0002732919803592605
NALCO_only,2026-03-23,2026-03-24,-0.010936732680488162,8.713978215282685e-08
NALCO_only,2026-03-24,2026-03-25,0.020908602124043402,-0.0030370310744588565
NALCO_only,2026-03-25,2026-03-27,0.0176755111587224,-0.00339888728337994
NALCO_only,2026-03-27,2026-03-30,0.015925150549759168,-0.002101209198212359
NALCO_only,2026-03-30,2026-04-01,0.007538671209642994,-0.0022090690378252374
NALCO_only,2026-04-01,2026-04-02,0.01466651172441258,-0.0035677518385057658
NALCO_only,2026-04-02,2026-04-06,0.014696158291434178,-0.0019175448729979653
NALCO_only,2026-04-06,2026-04-07,0.009149194653588082,-0.0028915943877234783
NALCO_only,2026-04-07,2026-04-08,-0.0364390434176432,-0.003083800142853004
NALCO_LME_DXY,2024-12-31,2025-01-01,0.014014525838172684,-0.0012499135237087505
NALCO_LME_DXY,2025-01-01,2025-01-02,0.007648664012171,-0.002311240747473876
NALCO_LME_DXY,2025-01-02,2025-01-03,-0.04028338795931776,-0.0026268965537262785
NALCO_LME_DXY,2025-01-03,2025-01-06,-0.03882079313195429,0.0006348464051230903
NALCO_LME_DXY,2025-01-06,2025-01-07,0.02150514925754211,0.0037141906111475163
NALCO_LME_DXY,2025-01-07,2025-01-08,-0.0029314072193538975,0.0007252364368928556
NALCO_LME_DXY,2025-01-08,2025-01-09,-0.01879156508781405,-0.003062732383041053
NALCO_LME_DXY,2025-01-09,2025-01-10,0.010237131592904231,-0.0005724376414287984
NALCO_LME_DXY,2025-01-10,2025-01-13,-0.03411899497819723,-0.001936252879977124
NALCO_LME_DXY,2025-01-13,2025-01-14,0.03530078345084895,-0.00015377119351623453
NALCO_LME_DXY,2025-01-14,2025-01-15,-0.028731369645886334,-0.002649549678900987
NALCO_LME_DXY,2025-01-15,2025-01-16,0.003176766910329171,0.002771934854892899
NALCO_LME_DXY,2025-01-16,2025-01-17,0.042386173325936014,-0.002365077794421715
NALCO_LME_DXY,2025-01-17,2025-01-20,0.01966490227583768,-0.0005307915146025719
NALCO_LME_DXY,2025-01-20,2025-01-21,-0.024321828258809776,-0.0034420203998894528
NALCO_LME_DXY,2025-01-21,2025-01-22,-0.012505047675716892,0.0015393291675105845
NALCO_LME_DXY,2025-01-22,2025-01-23,0.008784829555732811,0.005993875393023826
NALCO_LME_DXY,2025-01-23,2025-01-24,-0.011741817876683287,0.00020016242234344064
NALCO_LME_DXY,2025-01-24,2025-01-27,-0.015278214563320307,0.0007967528369105168
NALCO_LME_DXY,2025-01-27,2025-01-28,-0.04619139768627755,0.002198823044185211
NALCO_LME_DXY,2025-01-28,2025-01-29,0.019751026377671777,0.005706763601568578
NALCO_LME_DXY,2025-01-29,2025-01-30,-0.010148710344557488,0.00031644670820809196
NALCO_LME_DXY,2025-01-30,2025-01-31,0.04159695189516458,-0.0013421997710510443
NALCO_LME_DXY,2025-01-31,2025-02-01,-0.02401573269714212,0.0017068230322409806
NALCO_LME_DXY,2025-02-01,2025-02-03,-0.023310835725119272,0.0009457160407614956
NALCO_LME_DXY,2025-02-03,2025-02-04,0.020527823820462452,0.002248432521392855
NALCO_LME_DXY,2025-02-04,2025-02-05,0.013819758956328627,-0.0037904572386448605
NALCO_LME_DXY,2025-02-05,2025-02-06,-0.01941613230285387,0.001630083175594541
NALCO_LME_DXY,2025-02-06,2025-02-07,0.01756064145310009,0.0017350035334263525
NALCO_LME_DXY,2025-02-07,2025-02-10,-0.048229196298179476,-0.002035925309610929
NALCO_LME_DXY,2025-02-10,2025-02-11,-0.06407471821821162,0.001429970654555479
NALCO_LME_DXY,2025-02-11,2025-02-12,0.030674460206366813,0.005256304760325006
NALCO_LME_DXY,2025-02-12,2025-02-13,0.006707917406908922,0.002719473256808034
NALCO_LME_DXY,2025-02-13,2025-02-14,-0.04405192106555058,0.0006393702959412338
NALCO_LME_DXY,2025-02-14,2025-02-17,-0.0002212878964550946,0.007732442961435423
NALCO_LME_DXY,2025-02-17,2025-02-18,-0.007600380543789166,0.0022682272266614087
NALCO_LME_DXY,2025-02-18,2025-02-19,0.0521714354869422,0.0019464358520063657
NALCO_LME_DXY,2025-02-19,2025-02-20,0.03913163948826564,-1.3184198391411007e-05
NALCO_LME_DXY,2025-02-20,2025-02-21,0.04273915870127967,-0.00020385151566268064
NALCO_LME_DXY,2025-02-21,2025-02-24,-0.03967111883032618,0.000933376210273486
NALCO_LME_DXY,2025-02-24,2025-02-25,-0.04721118664428582,0.0027820022557614524
NALCO_LME_DXY,2025-02-25,2025-02-27,-0.007719901715024238,0.0038256409071574533
NALCO_LME_DXY,2025-02-27,2025-02-28,0.004458120868071645,0.0007194281237979004
NALCO_LME_DXY,2025-02-28,2025-03-03,0.006431249972079907,-0.0012925140705289018
NALCO_LME_DXY,2025-03-03,2025-03-04,0.013379254047114217,0.0011927529574749147
NALCO_LME_DXY,2025-03-04,2025-03-05,0.055335921551462094,0.003269784970162919
NALCO_LME_DXY,2025-03-05,2025-03-06,0.004106141583595947,0.0034482972504303287
NALCO_LME_DXY,2025-03-06,2025-03-07,0.012425081870978474,0.0010984846363234883
NALCO_LME_DXY,2025-03-07,2025-03-10,-0.03679091656626317,-7.089485228048962e-05
NALCO_LME_DXY,2025-03-10,2025-03-11,0.025140765286129223,0.005717818227673793
NALCO_LME_DXY,2025-03-11,2025-03-12,0.0028232360468433875,0.0010302191735563771
NALCO_LME_DXY,2025-03-12,2025-03-13,-0.021588875540270922,0.001941339631621293
NALCO_LME_DXY,2025-03-13,2025-03-17,-0.018049388048637826,0.0006627151500822567
NALCO_LME_DXY,2025-03-17,2025-03-18,0.00932469790962389,0.0016222199236941425
NALCO_LME_DXY,2025-03-18,2025-03-19,-0.023962130374192613,-0.0010864267657115882
NALCO_LME_DXY,2025-03-19,2025-03-20,0.014642014366121985,0.0012219524704773154
NALCO_LME_DXY,2025-03-20,2025-03-21,-0.025176303794518944,-0.002353921122471926
NALCO_LME_DXY,2025-03-21,2025-03-24,-0.0008550663197333875,-0.00012327175904799253
NALCO_LME_DXY,2025-03-24,2025-03-25,-0.0398251511082518,-0.0013297239463832921
NALCO_LME_DXY,2025-03-25,2025-03-26,-0.007337442591337955,0.002212205334518446
NALCO_LME_DXY,2025-03-26,2025-03-27,0.004540239295026435,-0.00036875383146172335
NALCO_LME_DXY,2025-03-27,2025-03-28,-0.01918469943551603,-0.0032527175561784414
NALCO_LME_DXY,2025-03-28,2025-04-01,0.0016557713109412444,0.0019333645637077507
NALCO_LME_DXY,2025-04-01,2025-04-02,-0.0051528798317411525,-0.0012076916889764882
NALCO_LME_DXY,2025-04-02,2025-04-03,-0.0012733693912539315,-0.0005497532897618389
NALCO_LME_DXY,2025-04-03,2025-04-04,-0.082137969738649,-0.0003879839109713955
NALCO_LME_DXY,2025-04-04,2025-04-07,0.011748892489082828,0.013066513054752742
NALCO_LME_DXY,2025-04-07,2025-04-08,-0.027446899837009122,0.006924586999650052
NALCO_LME_DXY,2025-04-08,2025-04-09,-0.0010451141867499967,0.002115527163840821
NALCO_LME_DXY,2025-04-09,2025-04-11,-0.042914483251947376,0.003712654608661734
NALCO_LME_DXY,2025-04-11,2025-04-15,0.0453256929252592,0.007436303806854221
NALCO_LME_DXY,2025-04-15,2025-04-16,-0.005144790716152513,0.00494065888509829
NALCO_LME_DXY,2025-04-16,2025-04-17,0.011181384580412424,0.0007486370165583551
NALCO_LME_DXY,2025-04-17,2025-04-21,0.0389109909716002,0.002852101901392812
NALCO_LME_DXY,2025-04-21,2025-04-22,-0.020630854203624555,0.002185220611492381
NALCO_LME_DXY,2025-04-22,2025-04-23,0.010981281054520764,0.0056422253601615315
NALCO_LME_DXY,2025-04-23,2025-04-24,0.0032763606101981293,-0.0006232057030741435
NALCO_LME_DXY,2025-04-24,2025-04-25,-0.0391592711084707,-0.004043467263245707
NALCO_LME_DXY,2025-04-25,2025-04-28,0.01811517962849264,0.004876490425106866
NALCO_LME_DXY,2025-04-28,2025-04-29,-0.018233765146291873,0.0012358116021849096
NALCO_LME_DXY,2025-04-29,2025-04-30,-0.007195879109812848,0.0027515349836087716
NALCO_LME_DXY,2025-04-30,2025-05-02,0.01742578345204998,-0.0003638474513872104
NALCO_LME_DXY,2025-05-02,2025-05-05,0.0021781755507966176,-0.0021169482836193906
NALCO_LME_DXY,2025-05-05,2025-05-06,-0.037199739589461905,-0.0013401996469031468
NALCO_LME_DXY,2025-05-06,2025-05-07,0.04048509567094714,0.0019771932688890355
NALCO_LME_DXY,2025-05-07,2025-05-08,-0.026254949835293414,0.0039827120267437064
NALCO_LME_DXY,2025-05-08,2025-05-09,0.03794634060920655,0.0026046116650714716
NALCO_LME_DXY,2025-05-09,2025-05-12,0.03960196368330269,-0.004184430045296968
NALCO_LME_DXY,2025-05-12,2025-05-13,-0.02660605926696677,-0.0027132611818411635
NALCO_LME_DXY,2025-05-13,2025-05-14,0.041626005954530615,-0.009133900443269331
NALCO_LME_DXY,2025-05-14,2025-05-15,0.025869379978417095,-0.003584005337061588
NALCO_LME_DXY,2025-05-15,2025-05-16,-0.004560947122107173,-0.004642131603468726
NALCO_LME_DXY,2025-05-16,2025-05-19,0.02747226513488315,-0.003541043815117032
NALCO_LME_DXY,2025-05-19,2025-05-20,-0.027158966760317513,-0.0036633935403790844
NALCO_LME_DXY,2025-05-20,2025-05-21,0.00939752631874435,0.0002020337412852603
NALCO_LME_DXY,2025-05-21,2025-05-22,-0.026938553882023243,-0.0052043426098151695
NALCO_LME_DXY,2025-05-22,2025-05-23,-0.014365424983424654,-0.0004703108603623309
NALCO_LME_DXY,2025-05-23,2025-05-26,-0.007923197687457828,-0.0034050514230790163
NALCO_LME_DXY,2025-05-26,2025-05-27,-0.008700703332698257,-0.0030347106624095547
NALCO_LME_DXY,2025-05-27,2025-05-28,0.004758397689554344,-0.0048206444125081255
NALCO_LME_DXY,2025-05-28,2025-05-29,-0.005864482489640278,-0.006486968238275916
NALCO_LME_DXY,2025-05-29,2025-05-30,-0.018676730743398134,-0.005902181119294656
NALCO_LME_DXY,2025-05-30,2025-06-02,0.009839699146008163,-0.001235725338024667
NALCO_LME_DXY,2025-06-02,2025-06-03,0.006058955467736518,-0.0030310608640359954
NALCO_LME_DXY,2025-06-03,2025-06-04,0.002849941641787482,-0.004175068139526992
NALCO_LME_DXY,2025-06-04,2025-06-05,-0.0019170209896568842,-0.0056031961392186665
NALCO_LME_DXY,2025-06-05,2025-06-06,0.029452690187115476,-0.0037907299247374165
NALCO_LME_DXY,2025-06-06,2025-06-09,-0.015159033062513563,-0.001963196239507287
NALCO_LME_DXY,2025-06-09,2025-06-10,0.01821390563249155,-0.002634347466129177
NALCO_LME_DXY,2025-06-10,2025-06-11,-0.00519672569218934,-0.0036474736707505897
NALCO_LME_DXY,2025-06-11,2025-06-12,-0.02121043204497912,-0.004105127515624078
NALCO_LME_DXY,2025-06-12,2025-06-13,0.014538609124760685,-0.0010545622376850429
NALCO_LME_DXY,2025-06-13,2025-06-16,0.010854850854182004,0.0012631209157285153
NALCO_LME_DXY,2025-06-16,2025-06-17,-0.015327202517658662,-0.0010103114421992623
NALCO_LME_DXY,2025-06-17,2025-06-18,0.0015587629805624995,-0.001344212134855134
NALCO_LME_DXY,2025-06-18,2025-06-19,-0.02588105283896469,-0.005330186780206054
NALCO_LME_DXY,2025-06-19,2025-06-20,0.016384377040176316,-0.0005551146344566263
NALCO_LME_DXY,2025-06-20,2025-06-23,0.03772194309522411,-0.0015412291681481914
NALCO_LME_DXY,2025-06-23,2025-06-24,-0.004994096330634054,-0.0015453417694442442
NALCO_LME_DXY,2025-06-24,2025-06-25,-0.016150665091710915,-0.003074155194274625
NALCO_LME_DXY,2025-06-25,2025-06-26,0.02452474610839412,0.000853318466316853
NALCO_LME_DXY,2025-06-26,2025-06-27,-0.0268847293835104,-0.00019212008481374657
NALCO_LME_DXY,2025-06-27,2025-06-30,0.005098601128890074,0.001188918917923272
NALCO_LME_DXY,2025-06-30,2025-07-01,-0.016316466966884543,-0.0019688670575313343
NALCO_LME_DXY,2025-07-01,2025-07-02,0.007355083886295004,0.0008926337629592727
NALCO_LME_DXY,2025-07-02,2025-07-03,-0.00389358051913221,-0.0007330709007802386
NALCO_LME_DXY,2025-07-03,2025-07-04,0.00041655819399537015,-0.0018881391358887235
NALCO_LME_DXY,2025-07-04,2025-07-07,-0.0180791133999059,-0.002018389251910385
NALCO_LME_DXY,2025-07-07,2025-07-08,0.00485617211920758,0.000977533802367558
NALCO_LME_DXY,2025-07-08,2025-07-09,-0.018883037602198095,-0.0021966036486982484
NALCO_LME_DXY,2025-07-09,2025-07-10,0.010373812940911192,-0.0011714567903820263
NALCO_LME_DXY,2025-07-10,2025-07-11,0.006087090384431047,-0.0029214351773394877
NALCO_LME_DXY,2025-07-11,2025-07-14,0.0024836855846284756,-0.0024570102613482997
NALCO_LME_DXY,2025-07-14,2025-07-15,0.005105408599888536,-0.0023237456949237196
NALCO_LME_DXY,2025-07-15,2025-07-16,-0.013103854416350756,-0.0035209272593225453
NALCO_LME_DXY,2025-07-16,2025-07-17,0.0006347191580911288,-0.00382029015366739
NALCO_LME_DXY,2025-07-17,2025-07-18,-0.008315505663542142,-0.0027728753466724687
NALCO_LME_DXY,2025-07-18,2025-07-21,0.020413101304586328,-0.004041023058138471
NALCO_LME_DXY,2025-07-21,2025-07-22,0.005046010859770747,-0.0038105983317437237
NALCO_LME_DXY,2025-07-22,2025-07-23,0.0029828885334132094,-0.0019835043179082124
NALCO_LME_DXY,2025-07-23,2025-07-24,0.004080712985336842,-0.0020657386376936116
NALCO_LME_DXY,2025-07-24,2025-07-25,-0.024130746171295576,-0.0013199327188506383
NALCO_LME_DXY,2025-07-25,2025-07-28,-0.030949231250013587,-0.0013183411749822075
NALCO_LME_DXY,2025-07-28,2025-07-29,0.011559596346684542,6.532292937708791e-05
NALCO_LME_DXY,2025-07-29,2025-07-30,-0.016272587621592716,-0.005828530026675242
NALCO_LME_DXY,2025-07-30,2025-07-31,0.00032427174255932544,-0.002695725209326439
NALCO_LME_DXY,2025-07-31,2025-08-01,-0.015648912344660645,-0.006240889040074266
NALCO_LME_DXY,2025-08-01,2025-08-04,0.03501880224958407,-0.0017777389973401149
NALCO_LME_DXY,2025-08-04,2025-08-05,0.0013894086561562842,-0.001266989415753271
NALCO_LME_DXY,2025-08-05,2025-08-06,0.0018572078246917375,-0.002436142174152864
NALCO_LME_DXY,2025-08-06,2025-08-07,0.008201755106887821,-0.004329550136028887
NALCO_LME_DXY,2025-08-07,2025-08-08,-0.0147774199377017,-0.0020774247526031573
NALCO_LME_DXY,2025-08-08,2025-08-11,-0.007084483781449581,-0.0009986998227390835
NALCO_LME_DXY,2025-08-11,2025-08-12,-0.0029444064206930343,-0.0017270919851210447
NALCO_LME_DXY,2025-08-12,2025-08-13,0.012929387404340928,-0.002078142958347025
NALCO_LME_DXY,2025-08-13,2025-08-14,-0.01250281173401398,-0.0027028849792484575
NALCO_LME_DXY,2025-08-14,2025-08-18,-0.0014856478564236394,-0.000373553563853864
NALCO_LME_DXY,2025-08-18,2025-08-19,0.013736696620785523,-0.0010055500309326725
NALCO_LME_DXY,2025-08-19,2025-08-20,0.005215951737838302,-0.0033089951035444897
NALCO_LME_DXY,2025-08-20,2025-08-21,-0.003909411010024586,-0.003306125061998743
NALCO_LME_DXY,2025-08-21,2025-08-22,-0.01173790353847254,-0.004043595030242623
NALCO_LME_DXY,2025-08-22,2025-08-25,0.0026820241682482806,-0.004092612917180172
NALCO_LME_DXY,2025-08-25,2025-08-26,-0.018534829708160106,-0.0017624519705164027
NALCO_LME_DXY,2025-08-26,2025-08-28,-0.00545078119040414,-0.004411767656920018
NALCO_LME_DXY,2025-08-28,2025-08-29,0.0010210388613083262,-0.00012366290095861508
NALCO_LME_DXY,2025-08-29,2025-09-01,0.021023456672582624,-0.00016898515533359296
NALCO_LME_DXY,2025-09-01,2025-09-02,0.04346848946116067,-0.002242094197204155
NALCO_LME_DXY,2025-09-02,2025-09-03,0.02745932749639936,-0.0011540533698549149
NALCO_LME_DXY,2025-09-03,2025-09-04,-0.011210933691596845,-0.005045129534086844
NALCO_LME_DXY,2025-09-04,2025-09-05,0.02452764081195513,-0.0027992424615036213
NALCO_LME_DXY,2025-09-05,2025-09-08,-0.011521517572472747,-0.0036184886417820177
NALCO_LME_DXY,2025-09-08,2025-09-09,-0.019126724532092486,-0.002031211738759593
NALCO_LME_DXY,2025-09-09,2025-09-10,0.009030274151012634,-0.00236547526702514
NALCO_LME_DXY,2025-09-10,2025-09-11,0.019546130343589495,-0.00533590344880306
NALCO_LME_DXY,2025-09-11,2025-09-12,0.01430243526826892,-0.0034602278183060147
NALCO_LME_DXY,2025-09-12,2025-09-15,-0.010781651936822421,-0.005215249465342733
NALCO_LME_DXY,2025-09-15,2025-09-16,-0.0023991891179816673,-0.004592700992844519
NALCO_LME_DXY,2025-09-16,2025-09-17,-0.015124657162258118,-0.003072466865143065
NALCO_LME_DXY,2025-09-17,2025-09-18,0.0014041659222656523,-5.959525086516129e-05
NALCO_LME_DXY,2025-09-18,2025-09-19,0.002839566508077739,-0.0024523427024895424
NALCO_LME_DXY,2025-09-19,2025-09-22,-0.004021484851041827,-0.004957021336001005
NALCO_LME_DXY,2025-09-22,2025-09-23,-0.009815678942377264,-0.0033046245412599673
NALCO_LME_DXY,2025-09-23,2025-09-24,-0.009273188885319517,-0.0015761894019450935
NALCO_LME_DXY,2025-09-24,2025-09-25,-0.0038348630768974836,-0.0032281299317856427
NALCO_LME_DXY,2025-09-25,2025-09-26,-0.02471936392094771,-0.005589846465883912
NALCO_LME_DXY,2025-09-26,2025-09-29,0.014373811967580788,-0.004199362771415802
NALCO_LME_DXY,2025-09-29,2025-09-30,0.046268448067081726,-0.0021964247498221148
NALCO_LME_DXY,2025-09-30,2025-10-01,-0.0013976242666379726,-0.0019842739424174487
NALCO_LME_DXY,2025-10-01,2025-10-03,0.030576683101660625,-0.0019020263891941923
NALCO_LME_DXY,2025-10-03,2025-10-06,-0.022314222757280407,-0.0010713229369851683
NALCO_LME_DXY,2025-10-06,2025-10-07,-0.003816359782903368,-0.0013900766181372624
NALCO_LME_DXY,2025-10-07,2025-10-08,0.024765283149603537,-0.004128656688136846
NALCO_LME_DXY,2025-10-08,2025-10-09,0.01824426908955515,-0.004807550740790631
NALCO_LME_DXY,2025-10-09,2025-10-10,-0.02509486739703264,-0.004847778470585364
NALCO_LME_DXY,2025-10-10,2025-10-13,0.010616095064084417,-0.004970044796787269
NALCO_LME_DXY,2025-10-13,2025-10-14,-0.014146263708265529,-0.0010089851868346554
NALCO_LME_DXY,2025-10-14,2025-10-15,0.012212875235322336,-0.0044831684479162345
NALCO_LME_DXY,2025-10-15,2025-10-16,-0.0007050943355754267,-0.003196977061989136
NALCO_LME_DXY,2025-10-16,2025-10-17,-0.007691665539920328,-0.0036129143297698642
NALCO_LME_DXY,2025-10-17,2025-10-20,0.0027024050115646786,-0.002689226946952415
NALCO_LME_DXY,2025-10-20,2025-10-21,0.0015406627896167816,-0.002426954302031964
NALCO_LME_DXY,2025-10-21,2025-10-23,-0.0009632646657520917,-0.004864438592387597
NALCO_LME_DXY,2025-10-23,2025-10-24,0.008934328733765774,-0.004707029841684736
NALCO_LME_DXY,2025-10-24,2025-10-27,0.00029432169573581954,-0.0051191505554275514
NALCO_LME_DXY,2025-10-27,2025-10-28,-0.0046773361298929296,-0.004865024734322284
NALCO_LME_DXY,2025-10-28,2025-10-29,0.0004200798213424005,-0.004176335822121448
NALCO_LME_DXY,2025-10-29,2025-10-30,0.0020181641562371953,-0.004911098416562719
NALCO_LME_DXY,2025-10-30,2025-10-31,-0.007488759362103096,-0.00455621886328225
NALCO_LME_DXY,2025-10-31,2025-11-03,0.0069798038063785175,-0.004113201914871907
NALCO_LME_DXY,2025-11-03,2025-11-04,-0.020074092711010003,-0.005737362733785312
NALCO_LME_DXY,2025-11-04,2025-11-06,-0.011555339200232623,-0.003447340840951249
NALCO_LME_DXY,2025-11-06,2025-11-07,0.029090288486355045,-0.003314376894089222
NALCO_LME_DXY,2025-11-07,2025-11-10,0.06505673641579007,0.00022120098682886012
NALCO_LME_DXY,2025-11-10,2025-11-11,0.02925771078273987,-0.00141374877174221
NALCO_LME_DXY,2025-11-11,2025-11-12,0.00544653426420161,-0.0046558015951877404
NALCO_LME_DXY,2025-11-12,2025-11-13,0.006235202309194348,-0.004109168356322266
NALCO_LME_DXY,2025-11-13,2025-11-14,-0.0023964863020528755,-0.005367557113989081
NALCO_LME_DXY,2025-11-14,2025-11-17,-0.006650637975339856,-0.002311320481662495
NALCO_LME_DXY,2025-11-17,2025-11-18,-0.006585342411839229,-0.004107665252435082
NALCO_LME_DXY,2025-11-18,2025-11-19,-0.0015576327136836285,-0.004182712670381467
NALCO_LME_DXY,2025-11-19,2025-11-20,-0.0034100629805419547,-0.0037390423726167393
NALCO_LME_DXY,2025-11-20,2025-11-21,-0.02092209107117088,-0.007835483528926351
NALCO_LME_DXY,2025-11-21,2025-11-24,0.0015945152066862635,-0.004071445296557776
NALCO_LME_DXY,2025-11-24,2025-11-25,0.007787062295329607,-0.004641931024347313
NALCO_LME_DXY,2025-11-25,2025-11-26,0.01043460643480414,-0.00541373445467817
NALCO_LME_DXY,2025-11-26,2025-11-27,0.006641991668975153,-0.0042382017910335135
NALCO_LME_DXY,2025-11-27,2025-11-28,-0.010217642420097334,-0.006048426759002225
NALCO_LME_DXY,2025-11-28,2025-12-01,-0.0011365790198723255,-0.002727105150342213
NALCO_LME_DXY,2025-12-01,2025-12-02,-0.0032006051985602048,-0.0055883398334220106
NALCO_LME_DXY,2025-12-02,2025-12-03,0.002630097326754126,-0.0050046956751926734
NALCO_LME_DXY,2025-12-03,2025-12-04,0.00465333552564135,-0.0029286752591048152
NALCO_LME_DXY,2025-12-04,2025-12-05,0.014380778805228622,-0.005048423134696984
NALCO_LME_DXY,2025-12-05,2025-12-08,-0.020470977646194464,-0.004027675966765094
NALCO_LME_DXY,2025-12-08,2025-12-09,-0.003382190371817936,-0.0012713672116441603
NALCO_LME_DXY,2025-12-09,2025-12-10,-0.007575793808457656,-0.0010197838934678106
NALCO_LME_DXY,2025-12-10,2025-12-11,-0.0026450043759786704,-0.0011156529627903708
NALCO_LME_DXY,2025-12-11,2025-12-12,0.04184864633943948,-0.0017835565408400268
NALCO_LME_DXY,2025-12-12,2025-12-15,0.0035945401751486293,-0.001369633937808605
NALCO_LME_DXY,2025-12-15,2025-12-16,-0.0016241093527560714,-0.0027007449641980735
NALCO_LME_DXY,2025-12-16,2025-12-17,0.005202272025070122,-0.0026507380441952166
NALCO_LME_DXY,2025-12-17,2025-12-18,-0.0007159477663969937,-0.002598142146691155
NALCO_LME_DXY,2025-12-18,2025-12-19,-0.0035842332278151613,-0.00318462058918909
NALCO_LME_DXY,2025-12-19,2025-12-22,0.03256020169683856,-0.0037684920968401392
NALCO_LME_DXY,2025-12-22,2025-12-23,-0.0030970430811272983,-0.004114334461155378
NALCO_LME_DXY,2025-12-23,2025-12-24,0.011237986481595314,-0.002220176719486382
NALCO_LME_DXY,2025-12-24,2025-12-26,0.029265542329701712,-0.002062653279283765
NALCO_LME_DXY,2025-12-26,2025-12-29,-0.029794313843192453,-0.0030733761491356535
NALCO_LME_DXY,2025-12-29,2025-12-30,0.060545660941507415,-0.0016753997962148208
NALCO_LME_DXY,2025-12-30,2025-12-31,-0.011860659321291324,-0.0010361017942869517
NALCO_LME_DXY,2025-12-31,2026-01-01,-0.0028566913570903392,-0.00576244454497121
NALCO_LME_DXY,2026-01-01,2026-01-02,0.043626407621372404,-0.005338614223685891
NALCO_LME_DXY,2026-01-02,2026-01-05,-0.0036210057669522934,-0.004199852962876175
NALCO_LME_DXY,2026-01-05,2026-01-06,0.039116882374284095,-0.005669097970734234
NALCO_LME_DXY,2026-01-06,2026-01-07,0.005118009465741897,-0.005071569036995979
NALCO_LME_DXY,2026-01-07,2026-01-08,-0.04255961441879589,-0.007433485612629835
NALCO_LME_DXY,2026-01-08,2026-01-09,0.05068104715660702,-0.0007574011832307212
NALCO_LME_DXY,2026-01-09,2026-01-12,-0.005555174174890461,-0.004031472165405137
NALCO_LME_DXY,2026-01-12,2026-01-13,0.012387545792030809,-0.0060915037863119624
NALCO_LME_DXY,2026-01-13,2026-01-14,0.0397294759335313,-0.005635518758761425
NALCO_LME_DXY,2026-01-14,2026-01-16,-0.012777531813255591,-0.0052544056488696795
NALCO_LME_DXY,2026-01-16,2026-01-19,0.015444850170808782,-0.0044645466351034896
NALCO_LME_DXY,2026-01-19,2026-01-20,-0.023540215630399403,-0.005161423991424106
NALCO_LME_DXY,2026-01-20,2026-01-21,0.020823895501036305,-0.004602673346968406
NALCO_LME_DXY,2026-01-21,2026-01-22,0.004398027979711973,-0.00091787767888273
NALCO_LME_DXY,2026-01-22,2026-01-23,0.01030517594272545,-0.00502274622968098
NALCO_LME_DXY,2026-01-23,2026-01-27,0.023812215022658706,-0.0027650229247268574
NALCO_LME_DXY,2026-01-27,2026-01-28,0.044944312759341166,-0.00261912217717336
NALCO_LME_DXY,2026-01-28,2026-01-29,0.0403266059943955,-0.0003244611042609877
NALCO_LME_DXY,2026-01-29,2026-01-30,-0.07121291584941547,-0.005397075657140169
NALCO_LME_DXY,2026-01-30,2026-02-01,0.0033936684154364134,0.005864788886856415
NALCO_LME_DXY,2026-02-01,2026-02-02,0.06307894307484564,0.006482839329501043
NALCO_LME_DXY,2026-02-02,2026-02-03,-0.05009262780598444,0.0030783083219651924
NALCO_LME_DXY,2026-02-03,2026-02-04,0.007899887104515974,0.0010424101877729924
NALCO_LME_DXY,2026-02-04,2026-02-05,0.010637663342939887,-0.005112965241745948
NALCO_LME_DXY,2026-02-05,2026-02-06,-0.0037993432039348175,-0.00012980840291086106
NALCO_LME_DXY,2026-02-06,2026-02-09,0.01921408201253204,-0.003319669491742239
NALCO_LME_DXY,2026-02-09,2026-02-10,-0.0009489596048676997,-0.0048004732433984615
NALCO_LME_DXY,2026-02-10,2026-02-11,-0.0010872520777491638,-0.0013120131087450697
NALCO_LME_DXY,2026-02-11,2026-02-12,0.00596854728969486,-0.001592679315353746
NALCO_LME_DXY,2026-02-12,2026-02-13,-0.030172879637369383,-0.0020772132904523727
NALCO_LME_DXY,2026-02-13,2026-02-16,0.006912469920623361,0.001755780994006453
NALCO_LME_DXY,2026-02-16,2026-02-17,-0.01065159264491889,-0.0002744160341957892
NALCO_LME_DXY,2026-02-17,2026-02-18,0.010371870058921866,0.001465498051871297
NALCO_LME_DXY,2026-02-18,2026-02-19,-0.022962787761324547,-0.0024343849722522903
NALCO_LME_DXY,2026-02-19,2026-02-20,0.009422920134505188,-0.0026022730564025575
NALCO_LME_DXY,2026-02-20,2026-02-23,-0.017691813154385116,-0.002377585769608612
NALCO_LME_DXY,2026-02-23,2026-02-24,0.010551094365814029,-0.000833159593367531
NALCO_LME_DXY,2026-02-24,2026-02-25,0.03622354156957352,0.0003608344805961627
NALCO_LME_DXY,2026-02-25,2026-02-26,-0.006345724149729259,-0.001152983467827693
NALCO_LME_DXY,2026-02-26,2026-02-27,-0.007445423169869183,-0.004536698280432728
NALCO_LME_DXY,2026-02-27,2026-03-02,0.05961748136434297,-0.0022809707855414476
NALCO_LME_DXY,2026-03-02,2026-03-04,0.023020650990380455,0.0012716280330803541
NALCO_LME_DXY,2026-03-04,2026-03-05,0.04904275320841062,-0.004773721267804985
NALCO_LME_DXY,2026-03-05,2026-03-06,0.010531087620788323,-0.0004294428384369116
NALCO_LME_DXY,2026-03-06,2026-03-09,-0.020151172879619914,-0.001791389942704185
NALCO_LME_DXY,2026-03-09,2026-03-10,-0.0032102756302482102,-0.0040999527053621875
NALCO_LME_DXY,2026-03-10,2026-03-11,0.014561827427433706,-0.0014400426858725002
NALCO_LME_DXY,2026-03-11,2026-03-12,0.013905349263387145,-0.0016510435981750013
NALCO_LME_DXY,2026-03-12,2026-03-13,-0.05353036688422702,-0.0033481394987441406
NALCO_LME_DXY,2026-03-13,2026-03-16,-0.031727710854586914,0.00021862822291356153
NALCO_LME_DXY,2026-03-16,2026-03-17,0.049676296261089804,0.0013302381607388548
NALCO_LME_DXY,2026-03-17,2026-03-18,-0.01115896912549452,0.0012340362160302282
NALCO_LME_DXY,2026-03-18,2026-03-19,0.0,-0.0020019598037511166
NALCO_LME_DXY,2026-03-19,2026-03-20,-0.0014914245866701316,-0.0038345322464275675
NALCO_LME_DXY,2026-03-20,2026-03-23,-0.021916748588471844,0.007555103279416938
NALCO_LME_DXY,2026-03-23,2026-03-24,-0.010936732680488162,-0.00012109339802374272
NALCO_LME_DXY,2026-03-24,2026-03-25,0.020908602124043402,-0.0018537551706208674
NALCO_LME_DXY,2026-03-25,2026-03-27,0.0176755111587224,-0.004772201632029436
NALCO_LME_DXY,2026-03-27,2026-03-30,0.015925150549759168,-0.003286129101572709
NALCO_LME_DXY,2026-03-30,2026-04-01,0.007538671209642994,-0.003822502302602503
NALCO_LME_DXY,2026-04-01,2026-04-02,0.01466651172441258,-0.0019865379630737328
NALCO_LME_DXY,2026-04-02,2026-04-06,0.014696158291434178,-0.0034261115369035164
NALCO_LME_DXY,2026-04-06,2026-04-07,0.009149194653588082,-0.0007131472482676678
NALCO_LME_DXY,2026-04-07,2026-04-08,-0.0364390434176432,-0.0003151320371854872
NALCO_all_external,2024-12-31,2025-01-01,0.014014525838172684,0.00044489161312412807
NALCO_all_external,2025-01-01,2025-01-02,0.007648664012171,-0.0007884868120997954
NALCO_all_external,2025-01-02,2025-01-03,-0.04028338795931776,-0.0010950510832519154
NALCO_all_external,2025-01-03,2025-01-06,-0.03882079313195429,-1.043339477332472e-05
NALCO_all_external,2025-01-06,2025-01-07,0.02150514925754211,0.0019153426572710967
NALCO_all_external,2025-01-07,2025-01-08,-0.0029314072193538975,-9.439812910424562e-05
NALCO_all_external,2025-01-08,2025-01-09,-0.01879156508781405,-0.0018859681769245015
NALCO_all_external,2025-01-09,2025-01-10,0.010237131592904231,0.0018539844503858026
NALCO_all_external,2025-01-10,2025-01-13,-0.03411899497819723,-0.0012903447940711106
NALCO_all_external,2025-01-13,2025-01-14,0.03530078345084895,0.0004893259496723042
NALCO_all_external,2025-01-14,2025-01-15,-0.028731369645886334,-0.003725757410875963
NALCO_all_external,2025-01-15,2025-01-16,0.003176766910329171,0.0023838396235804802
NALCO_all_external,2025-01-16,2025-01-17,0.042386173325936014,-0.0027461585139322083
NALCO_all_external,2025-01-17,2025-01-20,0.01966490227583768,0.0007767116466580548
NALCO_all_external,2025-01-20,2025-01-21,-0.024321828258809776,-0.004717142660362292
NALCO_all_external,2025-01-21,2025-01-22,-0.012505047675716892,-0.0016645102863436418
NALCO_all_external,2025-01-22,2025-01-23,0.008784829555732811,0.002078083706261105
NALCO_all_external,2025-01-23,2025-01-24,-0.011741817876683287,-0.00484927496860746
NALCO_all_external,2025-01-24,2025-01-27,-0.015278214563320307,-0.0015769883443042083
NALCO_all_external,2025-01-27,2025-01-28,-0.04619139768627755,0.002646803232730831
NALCO_all_external,2025-01-28,2025-01-29,0.019751026377671777,0.005841477495092216
NALCO_all_external,2025-01-29,2025-01-30,-0.010148710344557488,-0.0011014857489416285
NALCO_all_external,2025-01-30,2025-01-31,0.04159695189516458,-0.002818441118356151
NALCO_all_external,2025-01-31,2025-02-01,-0.02401573269714212,0.0004358158175845348
NALCO_all_external,2025-02-01,2025-02-03,-0.023310835725119272,-0.00048448555304272207
NALCO_all_external,2025-02-03,2025-02-04,0.020527823820462452,0.000874723004556444
NALCO_all_external,2025-02-04,2025-02-05,0.013819758956328627,-0.004980654096642468
NALCO_all_external,2025-02-05,2025-02-06,-0.01941613230285387,0.0021125441427773603
NALCO_all_external,2025-02-06,2025-02-07,0.01756064145310009,0.0030351377683229055
NALCO_all_external,2025-02-07,2025-02-10,-0.048229196298179476,0.00194144571335784
NALCO_all_external,2025-02-10,2025-02-11,-0.06407471821821162,0.003660663417391929
NALCO_all_external,2025-02-11,2025-02-12,0.030674460206366813,0.006305542105138505
NALCO_all_external,2025-02-12,2025-02-13,0.006707917406908922,0.002908653375406696
NALCO_all_external,2025-02-13,2025-02-14,-0.04405192106555058,0.00021808013779164815
NALCO_all_external,2025-02-14,2025-02-17,-0.0002212878964550946,0.010494762489324124
NALCO_all_external,2025-02-17,2025-02-18,-0.007600380543789166,0.007227362526953267
NALCO_all_external,2025-02-18,2025-02-19,0.0521714354869422,0.005966593816630674
NALCO_all_external,2025-02-19,2025-02-20,0.03913163948826564,0.004234160125946902
NALCO_all_external,2025-02-20,2025-02-21,0.04273915870127967,0.0019248298644596962
NALCO_all_external,2025-02-21,2025-02-24,-0.03967111883032618,-0.0006522030478662349
NALCO_all_external,2025-02-24,2025-02-25,-0.04721118664428582,0.0030759839747115337
NALCO_all_external,2025-02-25,2025-02-27,-0.007719901715024238,0.001773979469478009
NALCO_all_external,2025-02-27,2025-02-28,0.004458120868071645,0.0010951817325351618
NALCO_all_external,2025-02-28,2025-03-03,0.006431249972079907,-0.002418477834523415
NALCO_all_external,2025-03-03,2025-03-04,0.013379254047114217,-0.0005073281435390919
NALCO_all_external,2025-03-04,2025-03-05,0.055335921551462094,0.0010465432765627912
NALCO_all_external,2025-03-05,2025-03-06,0.004106141583595947,0.00013783933569134002
NALCO_all_external,2025-03-06,2025-03-07,0.012425081870978474,-0.002905559554997739
NALCO_all_external,2025-03-07,2025-03-10,-0.03679091656626317,-0.003420404909649631
NALCO_all_external,2025-03-10,2025-03-11,0.025140765286129223,0.0015109697924400032
NALCO_all_external,2025-03-11,2025-03-12,0.0028232360468433875,-0.0037346763080905758
NALCO_all_external,2025-03-12,2025-03-13,-0.021588875540270922,-0.0004043549448030405
NALCO_all_external,2025-03-13,2025-03-17,-0.018049388048637826,0.000997532494251751
NALCO_all_external,2025-03-17,2025-03-18,0.00932469790962389,0.003463321563589701
NALCO_all_external,2025-03-18,2025-03-19,-0.023962130374192613,-0.0013398169321414504
NALCO_all_external,2025-03-19,2025-03-20,0.014642014366121985,0.0008336826064368867
NALCO_all_external,2025-03-20,2025-03-21,-0.025176303794518944,-0.0035957796406101755
NALCO_all_external,2025-03-21,2025-03-24,-0.0008550663197333875,-0.0015060680062880913
NALCO_all_external,2025-03-24,2025-03-25,-0.0398251511082518,-0.0014948748546444663
NALCO_all_external,2025-03-25,2025-03-26,-0.007337442591337955,0.0025699695798875304
NALCO_all_external,2025-03-26,2025-03-27,0.004540239295026435,0.0012150053109085369
NALCO_all_external,2025-03-27,2025-03-28,-0.01918469943551603,-0.0013479917761309995
NALCO_all_external,2025-03-28,2025-04-01,0.0016557713109412444,0.0016578640169002269
NALCO_all_external,2025-04-01,2025-04-02,-0.0051528798317411525,-0.0028894788261137625
NALCO_all_external,2025-04-02,2025-04-03,-0.0012733693912539315,-0.0032860916108710123
NALCO_all_external,2025-04-03,2025-04-04,-0.082137969738649,-0.0015964145885493581
NALCO_all_external,2025-04-04,2025-04-07,0.011748892489082828,0.016311193919781166
NALCO_all_external,2025-04-07,2025-04-08,-0.027446899837009122,0.009646098578546643
NALCO_all_external,2025-04-08,2025-04-09,-0.0010451141867499967,0.006324937193208695
NALCO_all_external,2025-04-09,2025-04-11,-0.042914483251947376,0.014505554949532103
NALCO_all_external,2025-04-11,2025-04-15,0.0453256929252592,0.014242109416219513
NALCO_all_external,2025-04-15,2025-04-16,-0.005144790716152513,0.0025654932786018762
NALCO_all_external,2025-04-16,2025-04-17,0.011181384580412424,0.0008030290223066132
NALCO_all_external,2025-04-17,2025-04-21,0.0389109909716002,0.0022554706049628054
NALCO_all_external,2025-04-21,2025-04-22,-0.020630854203624555,0.0016098010612226453
NALCO_all_external,2025-04-22,2025-04-23,0.010981281054520764,0.005243940319910405
NALCO_all_external,2025-04-23,2025-04-24,0.0032763606101981293,-0.0021045266188494983
NALCO_all_external,2025-04-24,2025-04-25,-0.0391592711084707,-0.005032005066965701
NALCO_all_external,2025-04-25,2025-04-28,0.01811517962849264,0.003245279032460761
NALCO_all_external,2025-04-28,2025-04-29,-0.018233765146291873,-0.0015225714534090667
NALCO_all_external,2025-04-29,2025-04-30,-0.007195879109812848,0.0005634941518229757
NALCO_all_external,2025-04-30,2025-05-02,0.01742578345204998,-0.0024523727814714596
NALCO_all_external,2025-05-02,2025-05-05,0.0021781755507966176,-0.006221049983248203
NALCO_all_external,2025-05-05,2025-05-06,-0.037199739589461905,-0.005220560366347788
NALCO_all_external,2025-05-06,2025-05-07,0.04048509567094714,-0.0019315931486010014
NALCO_all_external,2025-05-07,2025-05-08,-0.026254949835293414,-0.0003327346411538855
NALCO_all_external,2025-05-08,2025-05-09,0.03794634060920655,-0.0001137641479519772
NALCO_all_external,2025-05-09,2025-05-12,0.03960196368330269,-0.00508926218541916
NALCO_all_external,2025-05-12,2025-05-13,-0.02660605926696677,-0.0013314662135565254
NALCO_all_external,2025-05-13,2025-05-14,0.041626005954530615,-0.008402414838523994
NALCO_all_external,2025-05-14,2025-05-15,0.025869379978417095,-0.005366698722592083
NALCO_all_external,2025-05-15,2025-05-16,-0.004560947122107173,-0.005031969560084825
NALCO_all_external,2025-05-16,2025-05-19,0.02747226513488315,-0.004857920064084406
NALCO_all_external,2025-05-19,2025-05-20,-0.027158966760317513,-0.0027768780717769602
NALCO_all_external,2025-05-20,2025-05-21,0.00939752631874435,0.0014222259512744904
NALCO_all_external,2025-05-21,2025-05-22,-0.026938553882023243,-0.005780259238259266
NALCO_all_external,2025-05-22,2025-05-23,-0.014365424983424654,-0.00039857100369658136
NALCO_all_external,2025-05-23,2025-05-26,-0.007923197687457828,-0.0005518792825672399
NALCO_all_external,2025-05-26,2025-05-27,-0.008700703332698257,-0.0005154579648224077
NALCO_all_external,2025-05-27,2025-05-28,0.004758397689554344,-0.0003296663233287578
NALCO_all_external,2025-05-28,2025-05-29,-0.005864482489640278,-0.0008566879470113383
NALCO_all_external,2025-05-29,2025-05-30,-0.018676730743398134,-0.004034012535139332
NALCO_all_external,2025-05-30,2025-06-02,0.009839699146008163,0.0009001394893990852
NALCO_all_external,2025-06-02,2025-06-03,0.006058955467736518,-0.0020136150895451984
NALCO_all_external,2025-06-03,2025-06-04,0.002849941641787482,-0.003677704766044533
NALCO_all_external,2025-06-04,2025-06-05,-0.0019170209896568842,-0.005531266628920774
NALCO_all_external,2025-06-05,2025-06-06,0.029452690187115476,-0.002687090729503087
NALCO_all_external,2025-06-06,2025-06-09,-0.015159033062513563,-0.0012644420923481547
NALCO_all_external,2025-06-09,2025-06-10,0.01821390563249155,-0.00283753711176552
NALCO_all_external,2025-06-10,2025-06-11,-0.00519672569218934,-0.006552288691165574
NALCO_all_external,2025-06-11,2025-06-12,-0.02121043204497912,-0.0056879590348836466
NALCO_all_external,2025-06-12,2025-06-13,0.014538609124760685,-0.004061143661557155
NALCO_all_external,2025-06-13,2025-06-16,0.010854850854182004,-0.0032449345676666365
NALCO_all_external,2025-06-16,2025-06-17,-0.015327202517658662,-0.002449537762172218
NALCO_all_external,2025-06-17,2025-06-18,0.0015587629805624995,-0.0050190375542943965
NALCO_all_external,2025-06-18,2025-06-19,-0.02588105283896469,-0.006885126389809037
NALCO_all_external,2025-06-19,2025-06-20,0.016384377040176316,0.00014724433223574493
NALCO_all_external,2025-06-20,2025-06-23,0.03772194309522411,-0.0041295888616868955
NALCO_all_external,2025-06-23,2025-06-24,-0.004994096330634054,-0.0014387361520465632
NALCO_all_external,2025-06-24,2025-06-25,-0.016150665091710915,-0.0036317593343144876
NALCO_all_external,2025-06-25,2025-06-26,0.02452474610839412,0.002292144199387674
NALCO_all_external,2025-06-26,2025-06-27,-0.0268847293835104,0.0004131260924993816
NALCO_all_external,2025-06-27,2025-06-30,0.005098601128890074,-0.0010623185838163239
NALCO_all_external,2025-06-30,2025-07-01,-0.016316466966884543,-0.004598653763356735
NALCO_all_external,2025-07-01,2025-07-02,0.007355083886295004,-0.002564656577246964
NALCO_all_external,2025-07-02,2025-07-03,-0.00389358051913221,-0.0042820663153234325
NALCO_all_external,2025-07-03,2025-07-04,0.00041655819399537015,-0.003133251435341052
NALCO_all_external,2025-07-04,2025-07-07,-0.0180791133999059,-0.003018341438172329
NALCO_all_external,2025-07-07,2025-07-08,0.00485617211920758,0.0006481198708841237
NALCO_all_external,2025-07-08,2025-07-09,-0.018883037602198095,-0.002781570416267096
NALCO_all_external,2025-07-09,2025-07-10,0.010373812940911192,-0.0002370631646626362
NALCO_all_external,2025-07-10,2025-07-11,0.006087090384431047,-0.0027458466623925953
NALCO_all_external,2025-07-11,2025-07-14,0.0024836855846284756,-9.014749428308934e-05
NALCO_all_external,2025-07-14,2025-07-15,0.005105408599888536,-0.0006296085121073609
NALCO_all_external,2025-07-15,2025-07-16,-0.013103854416350756,-0.0018236116097539764
NALCO_all_external,2025-07-16,2025-07-17,0.0006347191580911288,-0.0019931774715268745
NALCO_all_external,2025-07-17,2025-07-18,-0.008315505663542142,-0.002316877737732848
NALCO_all_external,2025-07-18,2025-07-21,0.020413101304586328,-0.004163683642297158
NALCO_all_external,2025-07-21,2025-07-22,0.005046010859770747,-0.0043312735396959815
NALCO_all_external,2025-07-22,2025-07-23,0.0029828885334132094,-0.003524521468162318
NALCO_all_external,2025-07-23,2025-07-24,0.004080712985336842,-0.0036108088770534863
NALCO_all_external,2025-07-24,2025-07-25,-0.024130746171295576,-0.004145174200775576
NALCO_all_external,2025-07-25,2025-07-28,-0.030949231250013587,-0.0027341782073572757
NALCO_all_external,2025-07-28,2025-07-29,0.011559596346684542,-0.0033614227644223112
NALCO_all_external,2025-07-29,2025-07-30,-0.016272587621592716,-0.007377223510505429
NALCO_all_external,2025-07-30,2025-07-31,0.00032427174255932544,-0.002645110930412174
NALCO_all_external,2025-07-31,2025-08-01,-0.015648912344660645,-0.007237796100222954
NALCO_all_external,2025-08-01,2025-08-04,0.03501880224958407,0.00030955725154397534
NALCO_all_external,2025-08-04,2025-08-05,0.0013894086561562842,-3.06060746514715e-05
NALCO_all_external,2025-08-05,2025-08-06,0.0018572078246917375,-0.0004993187748706649
NALCO_all_external,2025-08-06,2025-08-07,0.008201755106887821,-0.0027004208552898843
NALCO_all_external,2025-08-07,2025-08-08,-0.0147774199377017,-0.0005280775116187929
NALCO_all_external,2025-08-08,2025-08-11,-0.007084483781449581,0.00068713902887863
NALCO_all_external,2025-08-11,2025-08-12,-0.0029444064206930343,-0.002499766533098834
NALCO_all_external,2025-08-12,2025-08-13,0.012929387404340928,-0.002898491479916254
NALCO_all_external,2025-08-13,2025-08-14,-0.01250281173401398,-0.002278767222735129
NALCO_all_external,2025-08-14,2025-08-18,-0.0014856478564236394,0.0005581126675713972
NALCO_all_external,2025-08-18,2025-08-19,0.013736696620785523,0.0020512328039394376
NALCO_all_external,2025-08-19,2025-08-20,0.005215951737838302,-0.0026328849186118197
NALCO_all_external,2025-08-20,2025-08-21,-0.003909411010024586,-0.004786519842793925
NALCO_all_external,2025-08-21,2025-08-22,-0.01173790353847254,-0.00528765073205384
NALCO_all_external,2025-08-22,2025-08-25,0.0026820241682482806,-0.007229168851532329
NALCO_all_external,2025-08-25,2025-08-26,-0.018534829708160106,-0.00380993909901032
NALCO_all_external,2025-08-26,2025-08-28,-0.00545078119040414,-0.007081469149174879
NALCO_all_external,2025-08-28,2025-08-29,0.0010210388613083262,-0.00037829237339002714
NALCO_all_external,2025-08-29,2025-09-01,0.021023456672582624,0.0001913006791539238
NALCO_all_external,2025-09-01,2025-09-02,0.04346848946116067,-0.0015532582786675503
NALCO_all_external,2025-09-02,2025-09-03,0.02745932749639936,-0.001683965677906358
NALCO_all_external,2025-09-03,2025-09-04,-0.011210933691596845,-0.0057044693162910465
NALCO_all_external,2025-09-04,2025-09-05,0.02452764081195513,-0.0008875940416918972
NALCO_all_external,2025-09-05,2025-09-08,-0.011521517572472747,-0.0014535610992840514
NALCO_all_external,2025-09-08,2025-09-09,-0.019126724532092486,0.001508871457883737
NALCO_all_external,2025-09-09,2025-09-10,0.009030274151012634,0.000667164388221836
NALCO_all_external,2025-09-10,2025-09-11,0.019546130343589495,-0.003587965051695215
NALCO_all_external,2025-09-11,2025-09-12,0.01430243526826892,0.0003188556109625332
NALCO_all_external,2025-09-12,2025-09-15,-0.010781651936822421,-0.0040172023157930056
NALCO_all_external,2025-09-15,2025-09-16,-0.0023991891179816673,-0.0027976651447952517
NALCO_all_external,2025-09-16,2025-09-17,-0.015124657162258118,-0.004263911630352593
NALCO_all_external,2025-09-17,2025-09-18,0.0014041659222656523,-0.002541178541561942
NALCO_all_external,2025-09-18,2025-09-19,0.002839566508077739,-0.0033626451563980157
NALCO_all_external,2025-09-19,2025-09-22,-0.004021484851041827,-0.005267196931196403
NALCO_all_external,2025-09-22,2025-09-23,-0.009815678942377264,-0.000537119617158844
NALCO_all_external,2025-09-23,2025-09-24,-0.009273188885319517,-0.0014687698634091686
NALCO_all_external,2025-09-24,2025-09-25,-0.0038348630768974836,-0.005074923145530027
NALCO_all_external,2025-09-25,2025-09-26,-0.02471936392094771,-0.006400206453831692
NALCO_all_external,2025-09-26,2025-09-29,0.014373811967580788,-0.005855786692620675
NALCO_all_external,2025-09-29,2025-09-30,0.046268448067081726,0.0007713164895466176
NALCO_all_external,2025-09-30,2025-10-01,-0.0013976242666379726,0.00040898060042265255
NALCO_all_external,2025-10-01,2025-10-03,0.030576683101660625,-0.001376822658831772
NALCO_all_external,2025-10-03,2025-10-06,-0.022314222757280407,-0.0008474746467535867
NALCO_all_external,2025-10-06,2025-10-07,-0.003816359782903368,-0.0037950361992991266
NALCO_all_external,2025-10-07,2025-10-08,0.024765283149603537,-0.006225525677126124
NALCO_all_external,2025-10-08,2025-10-09,0.01824426908955515,-0.004682067397304914
NALCO_all_external,2025-10-09,2025-10-10,-0.02509486739703264,-0.0037240704676942873
NALCO_all_external,2025-10-10,2025-10-13,0.010616095064084417,-0.002806132071869253
NALCO_all_external,2025-10-13,2025-10-14,-0.014146263708265529,-0.0008897388409012635
NALCO_all_external,2025-10-14,2025-10-15,0.012212875235322336,-0.0034605098090281254
NALCO_all_external,2025-10-15,2025-10-16,-0.0007050943355754267,-0.002390626726722263
NALCO_all_external,2025-10-16,2025-10-17,-0.007691665539920328,-0.0005594393093127924
NALCO_all_external,2025-10-17,2025-10-20,0.0027024050115646786,0.0010569129396489141
NALCO_all_external,2025-10-20,2025-10-21,0.0015406627896167816,-0.0016137509859101941
NALCO_all_external,2025-10-21,2025-10-23,-0.0009632646657520917,-0.0036239840177385192
NALCO_all_external,2025-10-23,2025-10-24,0.008934328733765774,-0.004107126950713392
NALCO_all_external,2025-10-24,2025-10-27,0.00029432169573581954,-0.004579451745292169
NALCO_all_external,2025-10-27,2025-10-28,-0.0046773361298929296,-0.006127339073417339
NALCO_all_external,2025-10-28,2025-10-29,0.0004200798213424005,-0.006722541265320146
NALCO_all_external,2025-10-29,2025-10-30,0.0020181641562371953,-0.009163034782999959
NALCO_all_external,2025-10-30,2025-10-31,-0.007488759362103096,-0.009035034611848328
NALCO_all_external,2025-10-31,2025-11-03,0.0069798038063785175,-0.008471166416724801
NALCO_all_external,2025-11-03,2025-11-04,-0.020074092711010003,-0.010482823716379167
NALCO_all_external,2025-11-04,2025-11-06,-0.011555339200232623,-0.005817751751874737
NALCO_all_external,2025-11-06,2025-11-07,0.029090288486355045,-0.006691937179841534
NALCO_all_external,2025-11-07,2025-11-10,0.06505673641579007,0.0004748785205533118
NALCO_all_external,2025-11-10,2025-11-11,0.02925771078273987,-0.005164203636656562
NALCO_all_external,2025-11-11,2025-11-12,0.00544653426420161,-0.0058084046287699845
NALCO_all_external,2025-11-12,2025-11-13,0.006235202309194348,-0.004256459863174808
NALCO_all_external,2025-11-13,2025-11-14,-0.0023964863020528755,-0.006440602026386911
NALCO_all_external,2025-11-14,2025-11-17,-0.006650637975339856,-0.0006867405444673702
NALCO_all_external,2025-11-17,2025-11-18,-0.006585342411839229,-0.0038968953263063544
NALCO_all_external,2025-11-18,2025-11-19,-0.0015576327136836285,-0.0041383760372866694
NALCO_all_external,2025-11-19,2025-11-20,-0.0034100629805419547,-0.0017354143046896741
NALCO_all_external,2025-11-20,2025-11-21,-0.02092209107117088,-0.0015134045279036057
NALCO_all_external,2025-11-21,2025-11-24,0.0015945152066862635,0.0036981634570928835
NALCO_all_external,2025-11-24,2025-11-25,0.007787062295329607,0.0013373750771061624
NALCO_all_external,2025-11-25,2025-11-26,0.01043460643480414,-4.062468150923615e-05
NALCO_all_external,2025-11-26,2025-11-27,0.006641991668975153,-0.002068972652586246
NALCO_all_external,2025-11-27,2025-11-28,-0.010217642420097334,-0.0046943255899262746
NALCO_all_external,2025-11-28,2025-12-01,-0.0011365790198723255,-0.0011856430873084397
NALCO_all_external,2025-12-01,2025-12-02,-0.0032006051985602048,-0.006845389278343097
NALCO_all_external,2025-12-02,2025-12-03,0.002630097326754126,-0.006286999802430435
NALCO_all_external,2025-12-03,2025-12-04,0.00465333552564135,-0.0035542478796692202
NALCO_all_external,2025-12-04,2025-12-05,0.014380778805228622,-0.008261053147706874
NALCO_all_external,2025-12-05,2025-12-08,-0.020470977646194464,-0.006214715957591636
NALCO_all_external,2025-12-08,2025-12-09,-0.003382190371817936,-0.004041043068370995
NALCO_all_external,2025-12-09,2025-12-10,-0.007575793808457656,-0.0025121700251685866
NALCO_all_external,2025-12-10,2025-12-11,-0.0026450043759786704,-0.0005686401094265903
NALCO_all_external,2025-12-11,2025-12-12,0.04184864633943948,-0.000868502797675898
NALCO_all_external,2025-12-12,2025-12-15,0.0035945401751486293,-0.0007665833255300345
NALCO_all_external,2025-12-15,2025-12-16,-0.0016241093527560714,-0.0005262075352613493
NALCO_all_external,2025-12-16,2025-12-17,0.005202272025070122,-0.0031956508921826103
NALCO_all_external,2025-12-17,2025-12-18,-0.0007159477663969937,-0.002674487551456067
NALCO_all_external,2025-12-18,2025-12-19,-0.0035842332278151613,-0.0016376164911927073
NALCO_all_external,2025-12-19,2025-12-22,0.03256020169683856,-0.003945961266428042
NALCO_all_external,2025-12-22,2025-12-23,-0.0030970430811272983,-0.0016716380097344678
NALCO_all_external,2025-12-23,2025-12-24,0.011237986481595314,-0.00011798199317188877
NALCO_all_external,2025-12-24,2025-12-26,0.029265542329701712,-0.0022640325978584867
NALCO_all_external,2025-12-26,2025-12-29,-0.029794313843192453,-0.0019405569313086912
NALCO_all_external,2025-12-29,2025-12-30,0.060545660941507415,-0.00018604124878099175
NALCO_all_external,2025-12-30,2025-12-31,-0.011860659321291324,-0.001321731512903995
NALCO_all_external,2025-12-31,2026-01-01,-0.0028566913570903392,-0.005626935933834064
NALCO_all_external,2026-01-01,2026-01-02,0.043626407621372404,-0.004979497010032216
NALCO_all_external,2026-01-02,2026-01-05,-0.0036210057669522934,-0.003979269067475531
NALCO_all_external,2026-01-05,2026-01-06,0.039116882374284095,-0.0062473611820795345
NALCO_all_external,2026-01-06,2026-01-07,0.005118009465741897,-0.006051956729467708
NALCO_all_external,2026-01-07,2026-01-08,-0.04255961441879589,-0.007206615632712676
NALCO_all_external,2026-01-08,2026-01-09,0.05068104715660702,-0.0024841801064182916
NALCO_all_external,2026-01-09,2026-01-12,-0.005555174174890461,-0.0065672775103849
NALCO_all_external,2026-01-12,2026-01-13,0.012387545792030809,-0.004978367262599824
NALCO_all_external,2026-01-13,2026-01-14,0.0397294759335313,-0.007304803023257466
NALCO_all_external,2026-01-14,2026-01-16,-0.012777531813255591,-0.004240565995081732
NALCO_all_external,2026-01-16,2026-01-19,0.015444850170808782,-0.005906802029110413
NALCO_all_external,2026-01-19,2026-01-20,-0.023540215630399403,-0.006356879666099426
NALCO_all_external,2026-01-20,2026-01-21,0.020823895501036305,-0.005075055190565985
NALCO_all_external,2026-01-21,2026-01-22,0.004398027979711973,-0.00083770036368862
NALCO_all_external,2026-01-22,2026-01-23,0.01030517594272545,-0.0045458236090413435
NALCO_all_external,2026-01-23,2026-01-27,0.023812215022658706,-0.004315756648591519
NALCO_all_external,2026-01-27,2026-01-28,0.044944312759341166,-0.0018643773113928984
NALCO_all_external,2026-01-28,2026-01-29,0.0403266059943955,0.0012242402815966227
NALCO_all_external,2026-01-29,2026-01-30,-0.07121291584941547,-0.003956283293374321
NALCO_all_external,2026-01-30,2026-02-01,0.0033936684154364134,0.0047527928297256185
NALCO_all_external,2026-02-01,2026-02-02,0.06307894307484564,0.004831149118071704
NALCO_all_external,2026-02-02,2026-02-03,-0.05009262780598444,0.0006304846424710854
NALCO_all_external,2026-02-03,2026-02-04,0.007899887104515974,0.002072179096843216
NALCO_all_external,2026-02-04,2026-02-05,0.010637663342939887,-0.003636894436283594
NALCO_all_external,2026-02-05,2026-02-06,-0.0037993432039348175,0.003270949488515155
NALCO_all_external,2026-02-06,2026-02-09,0.01921408201253204,-0.000721406094854506
NALCO_all_external,2026-02-09,2026-02-10,-0.0009489596048676997,-0.0053191281746536555
NALCO_all_external,2026-02-10,2026-02-11,-0.0010872520777491638,-0.00022348594024924244
NALCO_all_external,2026-02-11,2026-02-12,0.00596854728969486,-0.0013464991546168492
NALCO_all_external,2026-02-12,2026-02-13,-0.030172879637369383,-0.002831969705851824
NALCO_all_external,2026-02-13,2026-02-16,0.006912469920623361,0.0014650358084566746
NALCO_all_external,2026-02-16,2026-02-17,-0.01065159264491889,-0.003507298305898586
NALCO_all_external,2026-02-17,2026-02-18,0.010371870058921866,0.0005652573912437663
NALCO_all_external,2026-02-18,2026-02-19,-0.022962787761324547,-0.0037544316894291127
NALCO_all_external,2026-02-19,2026-02-20,0.009422920134505188,-0.004161873590891016
NALCO_all_external,2026-02-20,2026-02-23,-0.017691813154385116,-0.0033259498341208964
NALCO_all_external,2026-02-23,2026-02-24,0.010551094365814029,-0.00018428372651144707
NALCO_all_external,2026-02-24,2026-02-25,0.03622354156957352,0.0014262723874761947
NALCO_all_external,2026-02-25,2026-02-26,-0.006345724149729259,0.00035882943203774734
NALCO_all_external,2026-02-26,2026-02-27,-0.007445423169869183,-0.004264321084537261
NALCO_all_external,2026-02-27,2026-03-02,0.05961748136434297,0.0004338686488918027
NALCO_all_external,2026-03-02,2026-03-04,0.023020650990380455,0.0026563707140064494
NALCO_all_external,2026-03-04,2026-03-05,0.04904275320841062,-0.00630404330433278
NALCO_all_external,2026-03-05,2026-03-06,0.010531087620788323,-0.0002926897566857495
NALCO_all_external,2026-03-06,2026-03-09,-0.020151172879619914,-0.003263001308585033
NALCO_all_external,2026-03-09,2026-03-10,-0.0032102756302482102,-0.008230921556920814
NALCO_all_external,2026-03-10,2026-03-11,0.014561827427433706,-0.0006216507371707049
NALCO_all_external,2026-03-11,2026-03-12,0.013905349263387145,-0.002354747994637247
NALCO_all_external,2026-03-12,2026-03-13,-0.05353036688422702,-0.002164735688522928
NALCO_all_external,2026-03-13,2026-03-16,-0.031727710854586914,0.002581884241485511
NALCO_all_external,2026-03-16,2026-03-17,0.049676296261089804,-0.0005657194942648606
NALCO_all_external,2026-03-17,2026-03-18,-0.01115896912549452,-0.0020270083868078365
NALCO_all_external,2026-03-18,2026-03-19,0.0,-0.005030258146456599
NALCO_all_external,2026-03-19,2026-03-20,-0.0014914245866701316,-0.004180262792137853
NALCO_all_external,2026-03-20,2026-03-23,-0.021916748588471844,0.008435368134304394
NALCO_all_external,2026-03-23,2026-03-24,-0.010936732680488162,0.0030195836608552214
NALCO_all_external,2026-03-24,2026-03-25,0.020908602124043402,-0.0001635975337842552
NALCO_all_external,2026-03-25,2026-03-27,0.0176755111587224,-0.00027519943155051587
NALCO_all_external,2026-03-27,2026-03-30,0.015925150549759168,-0.004372346186369759
NALCO_all_external,2026-03-30,2026-04-01,0.007538671209642994,-0.002871125941439583
NALCO_all_external,2026-04-01,2026-04-02,0.01466651172441258,-0.0024381239180612125
NALCO_all_external,2026-04-02,2026-04-06,0.014696158291434178,-0.0020239022326837782
NALCO_all_external,2026-04-06,2026-04-07,0.009149194653588082,-0.0021674454041069905
NALCO_all_external,2026-04-07,2026-04-08,-0.0364390434176432,-0.0016744221774612107
